id,domain,status,purchase_price,renewal_price,attractiveness,demand,length,registrar,created_at,expires_at,status_verified_at
75b53d01-1155-4a0b-a953-e59ff8b77108,vientiane.mobile,premium,621.2,621.2,medium,low,9,spaceship,,,01/10/2026 01:16
b37e0f12-4db0-4fd1-aaf7-e2ae6309ef46,billow.mobile,available,22.98,26.98,medium,low,6,namecheap,,,23/09/2026 16:34
dd3e8049-bb3d-4d97-9b3b-dac9d0b05b1b,malcolm.mobile,available,22.98,26.98,high,low,7,namecheap,,,25/09/2026 14:54
47381dac-88a3-4d88-971f-02b679be27e0,continuant.mobile,available,22.98,26.98,medium,low,10,namecheap,,,12/08/2026 23:17
457e08fe-4272-4193-8c02-a2b5e4b1d636,patrick.mobile,premium,390,390,high,low,7,namecheap,,,25/09/2026 09:49
57066d3a-58c0-49ad-8cd4-e9cdc986d845,varsity.mobile,premium,621.2,621.2,high,medium,7,spaceship,,,30/09/2026 01:38
c17ef421-6f44-433e-bb4e-46c498cf6299,orrin.mobile,available,15.73,15.73,high,low,5,spaceship,,,02/10/2026 20:08
df22626e-c3e9-46cf-b262-af0bb94bd0d1,rationally.mobile,available,22.98,26.98,medium,low,10,namecheap,,,15/09/2026 22:39
107e81c6-62d2-4cba-9b0c-bbedd4f39c8e,cad.mobile,premium,390,390,high,low,3,namecheap,,,24/09/2026 02:18
1b2fb6bc-b4ba-4adc-9ee4-35446f72bbd3,remarked.mobile,available,15.73,15.73,medium,low,8,spaceship,,,02/10/2026 17:46
27e84f4e-c36b-43fb-9174-8d4d8bd2ac1b,mergers.mobile,available,16.27,16.27,medium,low,7,dynadot,,,02/10/2026 12:55
09dec7c8-237b-4d06-b30b-f6e96aa49697,dumped.mobile,available,22.98,26.98,low,low,6,namecheap,,,27/09/2026 03:17
1f386316-31f6-4519-a423-428cc5ffe91a,profess.mobile,available,15.73,15.73,high,low,7,spaceship,,,30/09/2026 17:40
e81df031-6c7a-4cd9-966b-91fd7951b2e0,maa.mobile,premium,310.7,310.7,high,low,3,spaceship,,,30/09/2026 11:36
81d08a66-7e48-49d6-a08e-bba48960d461,affaire.mobile,premium,780,780,medium,low,7,namecheap,,,17/09/2026 14:00
95a63b96-b811-4b86-bdb0-bfd79406cd6b,prosser.mobile,available,15.73,15.73,high,low,7,spaceship,,,30/09/2026 12:49
2295018e-54f8-401d-ada0-432708302b35,shank.mobile,available,22.98,26.98,medium,low,5,namecheap,,,01/10/2026 03:41
8c2265f1-d065-4c5c-b6f0-c28dc3dabf3d,piacenza.mobile,premium,621.2,621.2,medium,low,8,spaceship,,,02/10/2026 08:21
f079b711-dee1-4c33-a91e-c0524ae0e873,indifferent.mobile,premium,780,780,high,low,11,namecheap,,,01/10/2026 02:00
1ad5e442-82b7-49c1-a3f1-2c5509147c26,confederates.mobile,available,15.73,15.73,medium,low,12,spaceship,,,02/10/2026 22:59
2960bf0d-fc6d-4d9d-9866-98314b7ab428,deteriorate.mobile,available,22.98,26.98,medium,low,11,namecheap,,,01/10/2026 22:25
35ffb8cf-42d8-4949-a0aa-13c2c65825c2,bollock.mobile,available,22.98,26.98,medium,low,7,namecheap,,,21/09/2026 23:08
14800412-4c5d-4885-9f84-48e951fd5f12,plaguy.mobile,available,22.98,26.98,medium,low,6,namecheap,,,
053618be-f4c8-496c-aca8-48259f6de8c4,shenyang.mobile,premium,660,660,high,low,8,dynadot,,,02/10/2026 04:49
5d8cbbe6-4106-44b0-a9d4-3e183dfb1407,outdoors.mobile,premium,780,780,high,low,8,namecheap,,,21/09/2026 23:54
c3bf28c6-ba8f-4435-b9d3-4346dc799d9e,firedog.mobile,premium,780,780,medium,low,7,namecheap,,,19/09/2026 04:06
a87aa63e-27ad-4c7e-a9f1-474d4dfa230f,cracow.mobile,available,15.73,15.73,high,low,6,spaceship,,,02/10/2026 04:29
a95ceb5a-15b9-4bf7-8493-625699061e89,lauderdale.mobile,available,15.73,15.73,high,low,10,spaceship,,,30/09/2026 22:04
d8afea4a-a268-4e78-a524-78814b923de1,rochelle.mobile,premium,621.2,621.2,medium,low,8,spaceship,,,28/09/2026 22:08
4b35588c-a568-45f4-812c-a6f33ab31977,anya.mobile,premium,390,390,high,low,4,namecheap,,,01/10/2026 23:47
b740b245-6aef-4ea2-9264-30cea2b0290a,certify.mobile,premium,750,750,high,low,7,name.com,,,24/08/2026 15:04
a1a6473c-6a6c-42c8-92e1-dfe524421cf9,christlike.mobile,available,22.98,26.98,high,low,10,namecheap,,,12/08/2026 07:19
ebd5a22c-aad8-48fb-af84-edbc640f5f9f,uttered.mobile,available,22.98,26.98,medium,low,7,namecheap,,,17/08/2026 18:44
777018c5-48c5-4e3b-986b-f3963b054c87,shlomo.mobile,available,15.73,15.73,medium,low,6,spaceship,,,02/10/2026 00:33
42d2681d-1158-4eaa-98f9-e1df8447b586,rather.mobile,premium,330,330,medium,low,6,dynadot,,,28/09/2026 15:59
bcb379e9-b46c-4af9-8c42-89b663d87eb2,diarrhea.mobile,premium,310.7,310.7,medium,low,8,spaceship,,,29/09/2026 18:38
d42496d8-7500-4c3e-ba09-c653335ecbbe,listened.mobile,available,22.98,26.98,medium,low,8,namecheap,,,25/09/2026 19:45
204efadf-3e0d-4d30-bc57-c7f180a5d9ce,minimalist.mobile,available,22.98,26.98,high,low,10,namecheap,,,24/08/2026 23:51
4c1ef9b9-6c2b-45d5-86ad-a7fd9c6e1a6c,rommel.mobile,available,15.73,15.73,medium,low,6,spaceship,,,30/09/2026 01:19
b83b1869-1041-4858-bcb5-08ef8f1067d1,dissertation.mobile,premium,621.2,621.2,high,low,12,spaceship,,,30/09/2026 03:22
30dee82f-e4ed-47fb-a016-31931cf4ed10,mancini.mobile,premium,621.2,621.2,medium,low,7,spaceship,,,30/09/2026 13:51
0942f56a-a0f2-4548-b87c-cb7640d8dd26,avery.mobile,premium,780,780,high,low,5,namecheap,,,25/09/2026 15:31
9724ed46-a182-4a38-b2c0-0df84e42ba1b,exobiology.mobile,available,22.98,26.98,medium,low,10,namecheap,,,20/09/2026 17:35
29c8ad71-decd-4c4c-b9a5-5b554ea96cd0,obdurate.mobile,available,22.98,26.98,medium,low,8,namecheap,,,13/08/2026 12:15
349d045e-1f95-44f1-90fd-6035b8d3ecd4,sunup.mobile,premium,390,390,high,low,5,namecheap,,,11/09/2026 02:09
945a4921-07b2-4d34-b021-031687c2431f,denys.mobile,available,15.73,15.73,medium,low,5,spaceship,,,01/10/2026 08:46
5b116d2b-85c1-41ef-b8b4-5e31bce709e7,alveolus.mobile,available,22.98,26.98,medium,low,8,namecheap,,,17/09/2026 22:03
9e0760bb-ebe8-4eac-8f22-0d569b7e3236,mess.mobile,premium,750,750,high,low,4,name.com,,,25/08/2026 00:30
6406348b-9264-4f9c-9c52-4ca9d3609024,cri.mobile,premium,310.7,310.7,high,low,3,spaceship,,,03/10/2026 03:54
761e1344-9347-4c24-a20d-42911c626aaf,enjoying.mobile,premium,780,780,medium,low,8,namecheap,,,25/09/2026 21:02
e7daf039-1bb0-4a87-8231-1ea33fd87465,fed.mobile,premium,2600,2600,high,low,3,namecheap,,,25/09/2026 22:43
d9a0af27-1e38-48d8-a44d-0f7694c16d93,effort.mobile,premium,621.2,621.2,high,low,6,spaceship,,,01/10/2026 03:08
9478e001-3a5c-40dd-9748-aa2293f53ef5,blessings.mobile,available,22.98,26.98,medium,low,9,namecheap,,,28/09/2026 17:50
cce0fe51-8198-48b1-a63e-8213f6f00522,loos.mobile,available,22.98,26.98,medium,low,4,namecheap,,,17/09/2026 09:32
d36d965d-0bd1-4d57-815a-2af132b6c06c,vms.mobile,premium,310.7,310.7,high,low,3,spaceship,,,02/10/2026 20:08
8052052a-feaa-4074-8a1c-b861c703b746,yellow.mobile,premium,390,390,high,medium,6,namecheap,,,23/09/2026 14:15
8b69bab9-0ee2-4f0f-a303-e75fa9f526b4,coachella.mobile,available,15.73,15.73,high,low,9,spaceship,,,30/09/2026 22:20
4ff8f035-95e0-44c0-a8ca-5c91ffc18502,grit.mobile,available,15.73,15.73,high,low,4,spaceship,,,30/09/2026 17:31
c8d26748-de62-4605-a3b0-4ea9079f3d67,gravelly.mobile,available,22.98,26.98,medium,low,8,namecheap,,,20/08/2026 18:27
82287c41-aea7-413a-bb7c-bb4fa0d75e91,lav.mobile,premium,390,390,medium,low,3,namecheap,,,09/09/2026 02:16
064891c1-69a1-4099-9c8c-37adb47043ff,nhk.mobile,premium,328.02,328.02,medium,low,3,porkbun,,,01/10/2026 12:30
52132312-ede5-4c12-8a22-49ef522a124e,norte.mobile,available,22.98,26.98,high,low,5,namecheap,,,27/09/2026 07:02
9273defe-8570-4c54-87f3-7c53fdbdbf8a,genovese.mobile,premium,750,750,high,low,8,name.com,,,18/08/2026 21:49
47752828-78ed-4799-bb8e-288592fde52f,shod.mobile,available,22.98,26.98,medium,low,4,namecheap,,,11/08/2026 13:43
460628da-ff24-4f2c-95b1-eec8a013e785,peppermint.mobile,premium,621.2,621.2,high,low,10,spaceship,,,01/10/2026 01:57
590c26a0-9d7d-4ea3-a1b2-c5e85f39f580,blowhard.mobile,available,22.98,26.98,medium,low,8,namecheap,,,11/08/2026 01:19
173dd823-3ed6-4625-ad28-4113127e9d1d,nineveh.mobile,available,16.27,16.27,medium,low,7,dynadot,,,30/09/2026 10:36
e0a4d48f-7d02-4afe-b30c-a17537cd3823,enigmatic.mobile,available,22.98,26.98,high,low,9,namecheap,,,17/08/2026 09:13
26c02909-0c1b-480f-8c11-d647167d93cc,pathetic.mobile,premium,750,750,medium,low,8,name.com,,,20/08/2026 23:50
d1c0d3bf-3070-4ab4-bb65-6946124fd93f,blowout.mobile,premium,330,330,high,low,7,dynadot,,,27/09/2026 16:59
febfc2e2-fcc2-4334-91e5-b09465f60aa4,einstein.mobile,premium,310.7,310.7,high,low,8,spaceship,,,28/09/2026 20:04
7f5346a8-a35a-4ff2-be54-50ac09eb1730,mbit.mobile,premium,310.7,310.7,medium,low,4,spaceship,,,02/10/2026 05:49
53a80acb-cddb-4b17-88a2-35a1d9248978,newbie.mobile,available,22.98,26.98,high,low,6,namecheap,,,24/09/2026 19:51
e8480b8d-30d5-4fff-b3d0-30f214ea7b48,windless.mobile,available,22.98,26.98,medium,low,8,namecheap,,,13/09/2026 12:14
329902ff-f377-4d52-8f66-f246183868a6,outpouring.mobile,available,22.98,26.98,high,low,10,namecheap,,,22/09/2026 07:58
fda1be60-985a-4002-8d41-5d4a1784f625,religions.mobile,premium,310.7,310.7,medium,low,9,spaceship,,,30/09/2026 15:01
4d15a52e-075a-4269-8143-3e79f4256cf4,moritz.mobile,premium,310.7,310.7,medium,low,6,spaceship,,,28/09/2026 16:06
8110e901-48a0-4e57-b53b-0cecd06075bf,interchange.mobile,premium,621.2,621.2,high,low,11,spaceship,,,02/10/2026 07:06
8ccd6e34-33ce-4103-b0b4-3555cf85a7d9,hearts.mobile,premium,310.7,310.7,high,low,6,spaceship,,,29/09/2026 22:26
c7866d7f-0bfd-491c-9eab-e34bc6b156ab,cherish.mobile,premium,310.7,310.7,high,low,7,spaceship,,,29/09/2026 08:23
5aeb3b8b-00d6-41a3-b209-54038f8434f9,blackbeard.mobile,available,22.98,26.98,medium,low,10,namecheap,,,24/09/2026 02:06
aa4a5615-d637-4889-a792-b502c907287b,sintering.mobile,available,15.73,15.73,medium,low,9,spaceship,,,01/10/2026 15:38
c4e5a69c-670b-4c77-a3a9-26a523514084,silvio.mobile,premium,621.2,621.2,medium,low,6,spaceship,,,30/09/2026 00:38
5758f5da-5856-4160-a721-e44ae2b36ac6,clastic.mobile,available,22.98,26.98,medium,low,7,namecheap,,,12/08/2026 09:56
aa94cbf0-f5bf-4e5e-bca1-6279b2e5d2c8,cleverly.mobile,available,16.27,16.27,high,low,8,dynadot,,,28/09/2026 13:56
2e00eefb-34b6-4a3d-8e03-ab9e0eddbd98,sutherland.mobile,available,22.98,26.98,medium,low,10,namecheap,,,25/09/2026 04:37
d8d3ec16-554b-43d3-af30-cea7979765fa,ascription.mobile,available,22.98,26.98,medium,low,10,namecheap,,,20/09/2026 13:27
d71cd498-dbd4-472f-878c-ae0fdcef988b,ingrowing.mobile,available,22.98,26.98,medium,low,9,namecheap,,,22/08/2026 04:54
6c5d214b-0021-4d19-952d-13d1a3dc179d,treelike.mobile,available,22.98,26.98,medium,low,8,namecheap,,,06/08/2026 14:01
c8e72a7a-e0b2-4f4f-a7fa-d0539643779d,armiger.mobile,available,22.98,26.98,medium,low,7,namecheap,,,20/09/2026 06:59
f701cb66-2f93-46eb-9d13-d004caa5ac89,cetacean.mobile,available,22.98,26.98,medium,low,8,namecheap,,,12/08/2026 01:02
674d7868-4aef-4d8c-b295-be4fb1bd5bb3,liable.mobile,available,15.73,15.73,high,low,6,spaceship,,,01/10/2026 02:02
5f0db545-b834-4758-bb14-fb690c301bb4,kay.mobile,available,,,high,low,3,,,,26/09/2026 00:52
cdeacdf4-15ec-4d53-8bb9-cfcfa6066fad,raging.mobile,premium,780,780,high,medium,6,namecheap,,,09/09/2026 09:44
2012b918-2b2d-4ba7-9f75-a23e92814ff8,kept.mobile,available,22.98,26.98,high,low,4,namecheap,,,25/09/2026 12:27
36d606d5-44c8-4c7a-9b90-231758472048,gale.mobile,available,15.73,15.73,high,low,4,spaceship,,,29/09/2026 07:02
0c5c96a7-5172-49d4-868c-1d8ec544181f,reagan.mobile,premium,655.52,655.52,medium,low,6,porkbun,,,28/09/2026 15:06
14d0663a-0888-4da4-a5d3-c1f5c15e2f8d,clemson.mobile,premium,780,780,high,low,7,namecheap,,,27/09/2026 07:07
8f8d400b-dce0-4ba4-a875-7baecefb4aaf,alcedo.mobile,premium,780,780,high,low,6,namecheap,,,18/09/2026 03:52
a14ce7d1-2cf8-4367-a722-df778619125b,unwed.mobile,available,22.98,26.98,medium,low,5,namecheap,,,12/09/2026 22:35
9441f7f8-0c55-41ec-baa9-4989d137d7b2,rallying.mobile,available,22.98,26.98,high,medium,8,namecheap,,,09/09/2026 09:56
e4c913be-a971-41a7-96ef-18966ab1e97c,bellows.mobile,premium,780,780,high,low,7,namecheap,,,23/09/2026 06:26
5173db93-021e-47fd-a74c-9acb031065a1,perinatal.mobile,available,22.98,26.98,medium,low,9,namecheap,,,08/09/2026 17:07
17189d12-222b-4ca5-a08f-b2e6defcb971,unheralded.mobile,available,22.98,26.98,medium,low,10,namecheap,,,12/09/2026 00:42
d550e10e-2806-464f-852c-699fa258c25d,upc.mobile,premium,390,390,high,low,3,namecheap,,,30/09/2026 21:48
d64ea893-e168-4e48-88bf-c93cf8b4e4ab,ooze.mobile,premium,390,390,high,low,4,namecheap,,,04/09/2026 15:40
b539c74d-e2ed-4a3e-8d7f-c18c94e4e1e1,thallus.mobile,available,22.98,26.98,medium,low,7,namecheap,,,30/09/2026 18:57
83ec0b0b-5026-4d34-8faf-a6afa1f174bf,csi.mobile,premium,310.7,310.7,high,low,3,spaceship,,,01/10/2026 22:38
457404ec-f247-4699-b7ef-5596d3cf08e6,redemptory.mobile,available,22.98,26.98,high,medium,10,namecheap,,,09/09/2026 12:20
70f13ea4-4404-450d-a6ea-f8c016f082cb,awakening.mobile,premium,660,660,high,low,9,dynadot,,,28/09/2026 23:36
caf4e391-b5d4-4630-89ec-ff6700145c2c,syd.mobile,premium,2200,2200,high,low,3,dynadot,,,30/09/2026 22:00
a0646f30-dab9-49f7-ae27-20cbaa313535,feeder.mobile,premium,750,750,high,low,6,name.com,,,12/08/2026 21:09
00b2e468-c274-4d48-8154-6f60d60e923d,stanley.mobile,premium,390,390,high,low,7,namecheap,,,25/09/2026 06:08
883662b4-4a45-4242-bc1c-9a5e6b5c12c6,diocesan.mobile,available,22.98,26.98,medium,low,8,namecheap,,,14/08/2026 08:18
b0918637-0b29-4e4f-9c32-6c448ef90db2,paralyzed.mobile,available,22.98,26.98,medium,low,9,namecheap,,,08/09/2026 01:29
43e08bcf-ec25-4bfa-9893-9cc84fa02dfd,merged.mobile,available,22.98,26.98,high,low,6,namecheap,,,22/08/2026 01:59
7d12ea30-fa90-49a9-957f-b8f9c3c328fa,ontario.mobile,premium,621.2,621.2,high,low,7,spaceship,,,30/09/2026 17:50
b8011d36-6451-48c8-b303-795f148e9d12,svalbard.mobile,available,15.73,15.73,high,low,8,spaceship,,,03/10/2026 02:12
092f0847-3f4d-449d-add4-f1aa808f7d9a,honduran.mobile,available,22.98,26.98,medium,low,8,namecheap,,,21/08/2026 13:17
765180b5-51fb-45bd-8db3-601bcd8b6d28,tantrum.mobile,premium,750,750,medium,low,7,name.com,,,18/08/2026 05:41
bc563dae-7924-4571-9e19-4196acebe59c,niches.mobile,available,22.98,26.98,medium,low,6,namecheap,,,20/09/2026 09:56
c12c7eca-9d1f-4c12-9574-6075ed08c8fd,mendenhall.mobile,available,15.73,15.73,medium,low,10,spaceship,,,02/10/2026 00:45
4a98fc2e-763f-4a7f-ac6a-9e616706d7a4,espouse.mobile,available,22.98,26.98,high,low,7,namecheap,,,13/09/2026 09:39
b0893cae-af1b-4381-9a1f-b33241dbae93,monash.mobile,available,15.73,15.73,high,medium,6,spaceship,,,01/10/2026 10:54
8f845e0d-5841-427f-8db2-fba0014908ac,soberly.mobile,available,22.98,26.98,medium,low,7,namecheap,,,14/09/2026 22:10
ee37cc8c-2d99-478a-aa39-5a641b7775e1,vowed.mobile,available,15.73,15.73,high,low,5,spaceship,,,29/09/2026 23:41
7abaf168-7b6e-42f7-b86a-8d5302399c71,bagger.mobile,available,22.98,26.98,medium,low,6,namecheap,,,21/09/2026 18:02
6be922b2-c491-467e-8218-351af9fe68a3,coils.mobile,available,22.98,26.98,medium,low,5,namecheap,,,02/10/2026 03:31
1087ac2d-4430-4c64-b9df-c99827b9a51a,saturation.mobile,available,22.98,26.98,high,low,10,namecheap,,,30/09/2026 16:43
b80f6f45-22f8-431f-9d8a-5aa9828f619c,actifed.mobile,available,22.98,26.98,high,medium,7,namecheap,,,17/09/2026 04:37
fac39fe2-bd18-4901-bc13-66d81bc6d3db,fountains.mobile,premium,621.2,621.2,medium,low,9,spaceship,,,30/09/2026 15:34
402b3e2b-cce0-430d-81e3-0a18851c27d6,pennies.mobile,available,26.98,,medium,low,7,namecheap,,,
f17de029-09b5-4607-aa0e-a4cb70cdbe79,privately.mobile,premium,780,780,high,low,9,namecheap,,,15/09/2026 04:43
b6a52bbd-10da-4acc-968b-85f69e6a2670,pass.mobile,premium,780,780,high,low,4,namecheap,,,27/09/2026 02:49
0a8b80e9-d9f4-4b35-a73a-fde32b277426,leah.mobile,available,22.98,26.98,high,low,4,namecheap,,,27/09/2026 07:15
24a74be5-c48b-441c-a245-41b5072d9a7f,cbo.mobile,premium,310.7,310.7,high,low,3,spaceship,,,30/09/2026 04:30
b0a38b8a-0785-461b-b278-229bc5afa320,librarian.mobile,available,22.98,26.98,high,low,9,namecheap,,,23/09/2026 12:54
e73fc468-1f0c-4a6e-bc58-ddf8a6995eb1,broadloom.mobile,available,22.98,26.98,medium,low,9,namecheap,,,11/08/2026 04:59
c782429e-1b9d-4e6e-818d-0406244ebdf9,autochthon.mobile,available,29.99,29.99,medium,low,10,name.com,,,21/09/2026 06:02
ffc99e85-bae8-4c0f-bc5c-c2f228308389,repel.mobile,premium,621.2,621.2,high,low,5,spaceship,,,29/09/2026 15:49
9171a7d7-7c7b-4720-98ad-825a2c2a5b06,lure.mobile,available,22.98,26.98,high,low,4,namecheap,,,21/09/2026 19:43
cae34c02-a173-48c1-9d0f-75c0d3382290,insurer.mobile,premium,621.2,621.2,high,low,7,spaceship,,,01/10/2026 02:41
d575aa6e-704b-466b-a335-19a97c84ad39,mangy.mobile,available,22.98,26.98,medium,low,5,namecheap,,,24/08/2026 14:50
705e0105-e8ae-4b95-94b6-62d5704050e8,afterbirth.mobile,available,22.98,26.98,medium,low,10,namecheap,,,17/09/2026 15:34
169c4802-c3d3-4cce-9694-f31c27ae2c98,eros.mobile,premium,390,390,high,low,4,namecheap,,,24/09/2026 17:09
dea27c77-f95e-488d-9c4e-9b6494425d9b,tubby.mobile,premium,780,780,medium,low,5,namecheap,,,08/09/2026 22:29
49a0d11b-43f2-45be-ba80-e985664c1433,flying.mobile,premium,104,104,high,low,6,namecheap,,,24/09/2026 17:17
4036a18e-a97e-4e9e-a687-1ad79a7144c9,attends.mobile,available,29.99,29.99,medium,low,7,name.com,,,17/09/2026 22:27
ca4c47dc-5399-4b1a-9dfa-dfccaa18778f,matrix.mobile,premium,310.7,310.7,high,medium,6,spaceship,,,29/09/2026 21:35
c7c8bd74-d402-4163-9a5b-d0dc9a442d73,brochures.mobile,available,15.73,15.73,medium,low,9,spaceship,,,02/10/2026 23:13
95edc880-b5fd-4240-9bfb-ed53a82451c8,difference.mobile,premium,330,330,high,low,10,dynadot,,,29/09/2026 14:33
ab8f88ae-52c7-474a-9609-ced3028b2c3d,galactic.mobile,premium,750,750,high,low,8,name.com,,,18/08/2026 19:35
891d1440-4329-4c2f-9823-b8be4c68a8e0,mta.mobile,premium,328.02,328.02,high,low,3,porkbun,,,28/09/2026 21:38
e8e044ef-d1a8-4721-8f3c-c4d3b0eff639,truelove.mobile,premium,780,780,medium,low,8,namecheap,,,10/09/2026 19:36
5efec2e6-6c59-497a-afa9-3b6182d14c86,wanted.mobile,premium,780,780,high,low,6,namecheap,,,23/09/2026 14:03
e589f24c-7b20-45d3-83b5-c4688a6f6bc2,choice.mobile,premium,780,780,high,low,6,namecheap,,,22/09/2026 02:45
3523099f-426d-4490-a784-5294a4ef85b3,arnold.mobile,premium,390,390,high,low,6,namecheap,,,20/09/2026 08:16
ec80f6f2-690d-4952-af94-ee467fe8d2da,barn.mobile,premium,310.7,310.7,high,low,4,spaceship,,,29/09/2026 01:11
46709243-ac9b-4d3d-9b77-f36ee0388153,beria.mobile,available,22.98,26.98,medium,low,5,namecheap,,,23/09/2026 09:22
df5d9c13-532a-40eb-9562-87e491395eb1,otis.mobile,premium,390,390,high,low,4,namecheap,,,25/09/2026 05:28
237744ec-a76e-4882-ad7b-d01f2783a398,topics.mobile,premium,621.2,621.2,medium,low,6,spaceship,,,30/09/2026 14:57
22547d71-22db-4bec-910e-e7c4b7c40f0d,patterned.mobile,premium,780,780,medium,low,9,namecheap,,,08/09/2026 10:49
4e3adaaf-a20a-40be-8f32-05944ffabd84,dream.mobile,premium,310.7,310.7,high,medium,5,spaceship,,,28/09/2026 20:52
ee3ef08e-83e4-410d-a849-2d358e156570,higginson.mobile,available,15.73,15.73,medium,low,9,spaceship,,,01/10/2026 02:35
61104230-6dcb-4c3a-9b85-1797840fb30d,tangy.mobile,available,22.98,26.98,high,low,5,namecheap,,,22/08/2026 23:32
f60814cf-e128-4446-9680-a6c4dde6a897,dissociate.mobile,available,22.98,26.98,medium,low,10,namecheap,,,14/08/2026 11:11
a0117928-c652-4a7b-b5b8-f38aad028c7e,peaked.mobile,premium,390,390,medium,low,6,namecheap,,,29/09/2026 21:11
f0a8daf7-26fb-4dce-95ce-0facb2fe1fc5,bitmap.mobile,premium,780,780,high,low,6,namecheap,,,23/09/2026 22:40
2f668861-0ae6-4ba5-b8b7-eae3c4e1b22f,marble.mobile,premium,621.2,621.2,high,low,6,spaceship,,,30/09/2026 03:53
3c45432b-65fc-410d-9b43-ab45ad2d50eb,inga.mobile,premium,780,780,medium,low,4,namecheap,,,02/10/2026 05:24
c54240f1-47b1-4dce-867c-ac1406c56940,rubber.mobile,premium,660,660,high,low,6,dynadot,,,27/09/2026 16:38
6de63ed6-8d4f-42b2-8a6f-6891018ab552,distributor.mobile,premium,1100,1100,high,low,11,dynadot,,,29/09/2026 08:54
75485950-b13c-4463-b143-12c32f50c166,cocky.mobile,premium,375,375,high,low,5,name.com,,,12/08/2026 15:02
3ed43d37-ccc1-433e-8eb1-9dd92656d042,avoid.mobile,premium,390,390,high,low,5,namecheap,,,13/09/2026 06:44
14cc6a6c-fa37-487a-bd7f-2107aa71738f,berlage.mobile,available,29.99,29.99,medium,low,7,name.com,,,23/09/2026 09:36
2abeca81-6854-4d2d-836d-ab8c8a68b327,dafla.mobile,available,22.98,26.98,medium,low,5,namecheap,,,16/09/2026 16:37
146ee0c1-b627-4406-b0f1-7793210d25f3,dreamily.mobile,available,22.98,26.98,medium,low,8,namecheap,,,14/09/2026 14:15
ccb1ede6-aee7-4e93-be7b-e00cede1825f,casteless.mobile,available,22.98,26.98,medium,low,9,namecheap,,,11/08/2026 20:25
f5233e43-fec4-4f81-87e4-463177cfc0a1,anaemia.mobile,available,15.73,15.73,medium,low,7,spaceship,,,28/09/2026 21:05
23fece67-7775-4eb9-8048-6b2e315b54df,woodbine.mobile,available,22.98,26.98,medium,low,8,namecheap,,,18/09/2026 20:11
07fab187-80d5-41f1-925b-8676b2fa5971,sweater.mobile,premium,310.7,310.7,high,low,7,spaceship,,,28/09/2026 06:35
1d029e28-d3d9-4041-aada-dae3312f5692,cleanliness.mobile,available,15.73,15.73,high,low,11,spaceship,,,02/10/2026 02:07
7ba7c070-3563-4df8-9731-79fa0329dd1a,country.mobile,premium,310.7,310.7,high,low,7,spaceship,,,28/09/2026 22:01
88fa9bd6-9b01-41d7-860c-f50c994f1de6,luftwaffe.mobile,available,15.73,15.73,medium,low,9,spaceship,,,28/09/2026 09:53
bef7de3a-01a2-4ef3-94ba-b10d9a3e39a6,rivalrous.mobile,available,22.98,26.98,medium,low,9,namecheap,,,09/09/2026 18:06
a09a370b-4111-4030-8c88-57c5c8c5c299,mueller.mobile,available,22.98,26.98,high,low,7,namecheap,,,26/09/2026 03:22
96364d6e-e050-4b90-b336-b4f142c2419c,archly.mobile,available,22.98,26.98,medium,low,6,namecheap,,,13/09/2026 20:39
44796f3b-b04d-4c8c-8f68-57ba4a40d909,soaked.mobile,premium,375,375,medium,low,6,name.com,,,09/08/2026 15:52
da0ab95d-6781-4c9c-8762-0ab4db1d7852,harrell.mobile,available,22.98,26.98,medium,low,7,namecheap,,,30/09/2026 13:41
b5da0131-1419-43e4-9a49-88a6b289ef48,trends.mobile,premium,390,390,high,low,6,namecheap,,,17/09/2026 19:12
e0e90d47-2baa-4e18-95c8-c4dd7de6e0dd,puzzle.mobile,premium,1300,1300,high,medium,6,namecheap,,,21/09/2026 17:28
1ee2b3b3-9db4-40c0-a3ac-f46825e594ae,athletes.mobile,premium,621.2,621.2,medium,low,8,spaceship,,,29/09/2026 00:04
9a9ef4f8-d65b-4b9a-b0ab-b5ebdabf6758,maddy.mobile,premium,655.52,655.52,high,low,5,porkbun,,,01/10/2026 09:20
8b15b2db-8bc4-4c8a-986e-29fcfea594cc,kinky.mobile,premium,375,375,high,low,5,name.com,,,17/08/2026 22:20
fc7b23a5-872c-4079-9ddc-f6c114310508,airdrop.mobile,premium,390,390,high,low,7,namecheap,,,17/09/2026 23:06
420df537-cb6e-4f99-a39f-dd94b2ff7591,sisters.mobile,premium,750,750,high,low,7,name.com,,,
a7ab3c9f-0077-46fc-b329-b1e764be2051,hoarse.mobile,available,22.98,26.98,medium,low,6,namecheap,,,21/08/2026 10:10
3487d8e3-fe33-4801-9cf7-f5bdc6d78caf,scratch.mobile,premium,390,390,high,low,7,namecheap,,,16/09/2026 16:58
51ebb39e-7c28-430c-9995-50ba25e3c1dc,honeymoons.mobile,available,26.98,,medium,low,10,namecheap,,,20/09/2026 01:32
9ce7758a-d984-47a8-9953-4171c77bcf96,rebel.mobile,premium,375,375,high,medium,5,name.com,,,22/08/2026 07:47
7cdeb404-039c-4c84-8541-d17f381545bc,wipes.mobile,premium,390,390,medium,low,5,namecheap,,,20/09/2026 09:39
db7ce73f-c0a5-42e2-bf7f-7f8c5085bb72,routines.mobile,available,15.73,15.73,medium,low,8,spaceship,,,30/09/2026 15:00
11197a7e-3ca8-4f48-bc0e-e3e573a5d0a5,homosexuality.mobile,available,15.73,15.73,medium,low,13,spaceship,,,29/09/2026 10:16
4011ef1a-a210-4c17-a5a4-1f3c021c2083,courtyard.mobile,available,16.27,16.27,high,low,9,dynadot,,,29/09/2026 11:51
a584902d-086a-4a75-99f8-b7282b7e6cd1,pod.mobile,premium,375,375,high,medium,3,name.com,,,12/08/2026 15:05
2403862b-a798-42b2-9347-e4d9c7da6a37,flaw.mobile,available,15.73,15.73,medium,low,4,spaceship,,,29/09/2026 00:57
3a94587a-492f-4d32-81b0-8cb973f3dbe0,graduated.mobile,premium,750,750,high,low,9,name.com,,,11/08/2026 14:18
aa690b77-3445-4883-ab4f-dae03e231809,som.mobile,premium,310.7,310.7,high,low,3,spaceship,,,29/09/2026 08:04
0f0221dd-835e-4799-a5d3-af9b227a4590,patent.mobile,premium,375,375,high,low,6,name.com,,,06/08/2026 05:19
2ced7f48-fc3c-44a3-9adf-4d5b59bf4b58,abampere.mobile,available,22.98,26.98,medium,low,8,namecheap,,,16/09/2026 13:54
b4eb6e85-df4c-4516-a207-ac45accae179,clitoral.mobile,available,22.98,26.98,medium,low,8,namecheap,,,12/08/2026 11:25
7dc75d81-5926-46ce-b277-afb98941b615,validated.mobile,available,22.98,26.98,high,low,9,namecheap,,,13/09/2026 00:59
bbe63c0e-0179-46f7-9388-2126a133959d,tent.mobile,premium,375,375,high,low,4,name.com,,,11/08/2026 15:59
c4337026-2938-421c-a66d-2a0c09713c39,alexis.mobile,premium,227.5,227.5,high,low,6,namecheap,,,19/09/2026 02:23
093d8b3a-05a1-4d7f-987a-95022a20e06b,sancho.mobile,available,15.73,15.73,medium,low,6,spaceship,,,02/10/2026 19:35
9cd7b6f7-7b1e-4faa-9a51-4e30c874b257,wrecking.mobile,premium,621.2,621.2,medium,low,8,spaceship,,,29/09/2026 19:31
71873643-2db7-48c1-9d0a-9ad156ce6cc5,tombstone.mobile,available,15.73,15.73,high,low,9,spaceship,,,29/09/2026 12:58
19576a33-d1ee-41b8-b243-cdc414b7e3d2,berthold.mobile,available,16.27,16.27,medium,low,8,dynadot,,,30/09/2026 13:32
c729640d-cd1f-45f5-90d0-83073f0c918c,amorphous.mobile,available,22.98,26.98,medium,low,9,namecheap,,,
a1115bfd-b02c-4f73-adc0-e228086cb843,luisa.mobile,premium,310.7,310.7,medium,low,5,spaceship,,,29/09/2026 05:31
d772886a-ab30-4ef3-81fa-53f8e62bd051,chronic.mobile,premium,750,750,high,low,7,name.com,,,12/08/2026 07:24
a8bda3e7-f6e3-4f25-b9ee-c2542a4093aa,landless.mobile,available,22.98,26.98,medium,low,8,namecheap,,,22/08/2026 19:24
53c9c8f5-dafc-4691-a1b5-d0e0ca027148,switzer.mobile,premium,328.02,328.02,high,low,7,porkbun,,,03/10/2026 03:55
36c2c856-bd9d-4eee-9e1d-90ecdbccd2b9,existent.mobile,premium,750,750,medium,low,8,name.com,,,
e62a6975-0d95-420f-9c9a-20af35e06733,chechen.mobile,available,22.98,26.98,high,low,7,namecheap,,,12/08/2026 03:34
9e65c0ac-27a5-4516-8eb5-ecb8fac2b853,til.mobile,premium,1300,1300,high,low,3,namecheap,,,28/09/2026 11:25
b5fcad67-7328-488a-bbd1-1ce1b0ba510f,alcahest.mobile,available,22.98,26.98,medium,low,8,namecheap,,,18/09/2026 03:43
94632a2e-6436-4af0-807a-f461d1b3af43,binge.mobile,premium,390,390,high,low,5,namecheap,,,23/09/2026 17:18
83c40653-a4c0-4184-8b51-d3613bd71c9e,hexagonal.mobile,available,22.98,26.98,medium,low,9,namecheap,,,21/08/2026 07:50
fe95a9a2-773b-44f6-88b1-544d382bc96e,hangzhou.mobile,premium,621.2,621.2,high,low,8,spaceship,,,30/09/2026 17:32
276ed6fb-4ff2-45e0-b708-32bea163ba47,lunch.mobile,premium,310.7,310.7,high,low,5,spaceship,,,29/09/2026 13:42
85f5661f-2415-4c11-8210-75b9b2975538,nascent.mobile,premium,390,390,medium,low,7,namecheap,,,03/09/2026 13:35
9c313b5a-fb8d-4056-86fd-0130380487e6,markedly.mobile,available,22.98,26.98,medium,low,8,namecheap,,,15/09/2026 13:31
237bc4fb-a621-4fd3-b31d-68fd6571b322,steiner.mobile,available,22.98,26.98,high,low,7,namecheap,,,25/09/2026 10:28
17d80224-8d84-4fe5-9d1b-5fec0e5744ae,jewels.mobile,premium,390,390,high,low,6,namecheap,,,18/09/2026 06:31
49053f64-399c-4d77-8c10-d377b5f941e7,undulate.mobile,available,22.98,26.98,medium,low,8,namecheap,,,12/09/2026 08:33
0e5805f2-42c9-4120-b9ca-b75428bd2b65,mallory.mobile,premium,1100,1100,high,low,7,dynadot,,,28/09/2026 04:03
d6c43bba-a0d3-4924-a017-004af0ad2651,aerogram.mobile,available,22.98,26.98,medium,low,8,namecheap,,,17/09/2026 13:04
c5c61a4e-64c4-4e8e-93bc-7328803cf779,andros.mobile,premium,621.2,621.2,high,low,6,spaceship,,,30/09/2026 20:49
6854c1ab-8805-4d3d-abd9-1097635124e6,breasted.mobile,available,22.98,26.98,medium,low,8,namecheap,,,11/08/2026 03:12
635f49f0-a658-4a8e-b375-789fc0119fdc,assail.mobile,available,22.98,26.98,medium,low,6,namecheap,,,20/09/2026 15:49
85c64022-8b6e-4fff-8197-58952ed76498,krai.mobile,available,22.98,26.98,medium,low,4,namecheap,,,30/09/2026 04:19
948f54ca-dbe1-4f4b-a358-f545c0604c40,balzac.mobile,available,22.98,26.98,medium,low,6,namecheap,,,22/09/2026 00:32
7cbeb367-09e1-46db-bcd6-355e525c9917,yankee.mobile,available,22.98,26.98,high,low,6,namecheap,,,13/09/2026 14:12
5de7d17f-2d80-4057-8b34-6cf833550043,coefficient.mobile,available,22.98,26.98,high,low,11,namecheap,,,30/09/2026 23:49
4de25c5b-a600-4d60-b18e-2c604f9a7476,transmitting.mobile,available,15.73,15.73,high,low,12,spaceship,,,29/09/2026 10:14
af898a51-85e0-4b55-baa3-7a641867e5a7,isd.mobile,premium,780,780,high,low,3,namecheap,,,30/09/2026 15:03
82857fdb-abdf-4c08-b047-27e34792c09a,lorca.mobile,available,15.73,15.73,high,low,5,spaceship,,,02/10/2026 04:57
9cec5e1b-7b60-4753-913c-4983ded324a2,wilkes.mobile,available,15.96,15.96,medium,low,6,porkbun,,,27/09/2026 12:29
d0466682-87ce-472a-bcfa-f1c5892bac33,nevis.mobile,available,22.98,26.98,high,low,5,namecheap,,,29/09/2026 07:42
61a1ba9b-82a2-4a86-b587-74b4c063bcea,conor.mobile,available,15.73,15.73,high,low,5,spaceship,,,30/09/2026 13:01
a90f6ca7-9e1a-4075-8d20-d0a22edbc202,sis.mobile,premium,310.7,310.7,high,low,3,spaceship,,,03/10/2026 02:07
45f733c3-4d4b-40fb-818a-2eef2ddaabaf,vending.mobile,premium,621.2,621.2,high,low,7,spaceship,,,29/09/2026 07:51
2c6a228b-5676-4c14-9e38-3944306971a5,swans.mobile,available,15.73,15.73,medium,low,5,spaceship,,,01/10/2026 16:56
f507e192-4703-4674-b4e9-799e80ff7b9e,slid.mobile,premium,330,330,medium,low,4,dynadot,,,30/09/2026 14:18
5202b806-e672-42f2-9d89-9065529f6244,craggy.mobile,available,22.98,26.98,medium,low,6,namecheap,,,13/08/2026 04:44
f2fe99d7-ef03-43e9-88cf-851f270ed2c3,ecological.mobile,premium,621.2,621.2,high,low,10,spaceship,,,02/10/2026 19:04
dd375d6d-efef-43d7-b47d-e5a74c8c075e,compostela.mobile,available,15.73,15.73,medium,low,10,spaceship,,,02/10/2026 20:47
09f5b79b-3836-4486-a237-22494be0fb51,louis.mobile,premium,390,390,high,low,5,namecheap,,,25/09/2026 07:59
8d6e089b-d7e9-479b-ab63-19e99f3ca23b,gin.mobile,premium,780,780,high,low,3,namecheap,,,24/09/2026 18:31
c03dbef2-86b4-45d6-995c-9039037ba379,trapping.mobile,premium,621.2,621.2,medium,low,8,spaceship,,,30/09/2026 08:56
5ec3d662-86af-44ef-a2fb-d9c5f7e9cf48,tha.mobile,premium,2600,2600,medium,low,3,namecheap,,,27/09/2026 06:52
684b691f-ed58-4af2-9aa8-f866552742a9,ciliary.mobile,available,22.98,26.98,medium,low,7,namecheap,,,12/08/2026 08:04
ce38e827-b3b7-4678-bd3d-b2e18a265ac0,usernames.mobile,available,22.98,26.98,medium,low,9,namecheap,,,20/09/2026 06:18
683c1085-8ef0-4656-a5f1-4f950d24bff3,pumpkin.mobile,premium,390,390,high,low,7,namecheap,,,21/09/2026 08:26
6c10b26b-4637-4dcc-a909-bd08df944a02,samurai.mobile,premium,330,330,high,low,7,dynadot,,,29/09/2026 20:16
3339c412-2944-47dc-b677-2d71ed2127c3,eugene.mobile,premium,621.2,621.2,high,low,6,spaceship,,,28/09/2026 01:51
c334f876-1c0f-40fe-8f2a-6255db291670,oxidation.mobile,available,15.73,15.73,high,low,9,spaceship,,,03/10/2026 01:45
03f5fcb0-5376-48e0-b017-9d1c29227bf3,ordeal.mobile,available,22.98,26.98,medium,low,6,namecheap,,,29/09/2026 07:47
3485f1ad-13cf-43dd-af68-c675580878a6,glimpse.mobile,premium,390,390,high,low,7,namecheap,,,24/09/2026 18:42
17892b8b-e278-4992-96d2-b807afe9dd01,transcend.mobile,available,22.98,26.98,high,low,9,namecheap,,,11/09/2026 17:23
bfaf967e-a7cf-45f3-a6fa-668ad390de20,pup.mobile,premium,310.7,310.7,high,low,3,spaceship,,,30/09/2026 08:51
e93fd6d7-7e26-461f-b9ba-eed31548f94a,afs.mobile,premium,390,390,high,low,3,namecheap,,,02/10/2026 02:13
6dc09299-4a52-4497-95d8-5b09a80474be,evidence.mobile,premium,750,750,high,low,8,name.com,,,24/08/2026 15:05
4ac8a5a4-a57d-493d-a32d-043f6f5af12b,allograph.mobile,available,22.98,26.98,medium,low,9,namecheap,,,18/09/2026 11:54
4647afe2-7024-4d97-9eda-f603c79b8b07,tomboyish.mobile,available,22.98,26.98,medium,low,9,namecheap,,,21/08/2026 14:32
2987ceca-c32f-475b-b829-96b028f2c281,plough.mobile,premium,390,390,medium,low,6,namecheap,,,23/09/2026 14:29
918ce428-3660-49b9-b487-64972f2c7457,packsack.mobile,premium,1250,1250,medium,low,8,name.com,,,21/09/2026 14:40
57ef703a-5ddf-466a-be6c-adb2a79a2daf,engineer.mobile,premium,330,330,high,low,8,dynadot,,,02/10/2026 00:13
90475e86-fc77-4325-963e-9d52df8ef020,calorie.mobile,premium,780,780,high,low,7,namecheap,,,24/09/2026 11:50
0d83b5f7-f7be-4a53-8312-af27c5f83c84,pussy.mobile,premium,1300,1300,high,medium,5,namecheap,,,27/09/2026 08:37
3497a283-9f37-4d6a-a0e8-8591c559c670,spiral.mobile,premium,780,780,high,low,6,namecheap,,,23/09/2026 14:59
7a4f14f6-67ef-43a2-8683-ae2b32d0f9d2,ambrose.mobile,available,22.98,26.98,high,low,7,namecheap,,,18/09/2026 17:22
836c2afb-a8ff-4751-bc86-2f3defec7259,connell.mobile,premium,621.2,621.2,medium,low,7,spaceship,,,28/09/2026 22:06
441f46f9-da91-488c-ac19-b91ecb048af7,inhabit.mobile,premium,750,750,high,low,7,name.com,,,24/08/2026 07:51
482abf04-344a-4872-88bd-694223b215bc,chevalier.mobile,available,22.98,26.98,high,low,9,namecheap,,,11/08/2026 22:49
b21e1a9b-8985-4858-afc8-73229f2a98d9,devil.mobile,premium,2600,2600,medium,low,5,namecheap,,,23/09/2026 01:20
e7d26db4-34b3-45dc-825b-a2a42be13eb8,matters.mobile,available,22.98,26.98,medium,low,7,namecheap,,,25/09/2026 17:05
c2c3f4c6-1282-4be4-85ed-0545765eecf2,fixtures.mobile,available,22.98,26.98,medium,low,8,namecheap,,,30/09/2026 00:04
5061508f-2e39-462d-9152-a3a0b8418cdf,sterope.mobile,available,22.98,26.98,low,low,7,namecheap,,,20/09/2026 17:14
82cfa1dd-7e60-43c7-8d63-f25735e30895,sear.mobile,available,22.98,26.98,medium,low,4,namecheap,,,14/08/2026 19:05
19e04941-f7d7-470e-b497-e8ef9d2b59bf,jonson.mobile,available,29.99,29.99,medium,low,6,name.com,,,23/09/2026 07:26
57a9df5f-077d-4344-8667-2d34759adf60,albee.mobile,available,22.98,26.98,medium,low,5,namecheap,,,18/09/2026 02:31
30820446-1608-4aa5-b31c-ce430ad74402,bitumen.mobile,available,22.98,26.98,medium,low,7,namecheap,,,23/09/2026 23:13
b4783855-285b-483d-874e-8515a76ed854,concludes.mobile,available,15.73,15.73,medium,low,9,spaceship,,,29/09/2026 05:51
0c1b9468-ff79-4177-af28-287084b77e3e,communities.mobile,premium,390,390,high,low,11,namecheap,,,17/09/2026 18:41
818fd32b-f1ab-44a1-9410-4cdbfc470cbb,isle.mobile,available,15.73,15.73,high,low,4,spaceship,,,30/09/2026 00:26
0bff7f51-7199-4fc1-b539-9996901870b3,escalator.mobile,premium,621.2,621.2,high,low,9,spaceship,,,02/10/2026 04:44
de751e56-eddc-4f0b-a3ca-2e56407b5c2b,tile.mobile,premium,1300,1300,high,low,4,namecheap,,,30/09/2026 10:23
ce06a5fb-c7c1-4558-965f-f58079f8eb40,selectively.mobile,available,15.96,15.96,medium,low,11,porkbun,,,03/10/2026 03:28
556a76c2-a241-45ad-842a-af3cdc7d74e5,bamberg.mobile,available,15.73,15.73,medium,low,7,spaceship,,,30/09/2026 13:25
81b86567-6ca0-4d82-8861-2b120eafbee7,malevolent.mobile,available,22.98,26.98,medium,low,10,namecheap,,,24/08/2026 13:52
19ad84a5-af41-4bdb-82c0-b2d69e2f3765,broadwise.mobile,available,22.98,26.98,medium,low,9,namecheap,,,14/09/2026 01:26
73cf0016-e346-463c-810e-3f5d7de315af,globalization.mobile,available,22.98,26.98,medium,low,13,namecheap,,,01/10/2026 13:13
20d6793f-9b03-4481-9ee1-01b7c3660fd7,highbrow.mobile,available,22.98,26.98,medium,low,8,namecheap,,,21/08/2026 09:09
0095c0c3-f2f1-49b2-94f6-ee46ef666f58,sacrificing.mobile,available,15.73,15.73,medium,low,11,spaceship,,,30/09/2026 14:38
576c31f4-6702-44c2-9c89-1a967017eb41,opens.mobile,available,22.98,26.98,medium,low,5,namecheap,,,18/09/2026 23:02
3907e180-3354-4053-859a-418cf235ceac,looted.mobile,available,22.98,26.98,medium,low,6,namecheap,,,24/08/2026 09:45
acaf42f8-7f23-47b8-84b8-d11f559238c8,civilisation.mobile,available,15.73,15.73,high,low,12,spaceship,,,30/09/2026 14:23
0d2edace-0d9f-4d55-bb13-889accd4fcf7,typically.mobile,premium,660,660,medium,low,9,dynadot,,,28/09/2026 17:10
9ddabdde-cfd6-46af-b860-35443c96f4c0,racial.mobile,premium,390,390,high,low,6,namecheap,,,09/09/2026 09:19
5dbedc61-af1b-440c-b5e0-5a1975489f75,blindfold.mobile,available,22.98,26.98,high,low,9,namecheap,,,10/08/2026 14:26
0f5968ee-d6d4-499a-b966-8f6d89754332,austral.mobile,premium,750,750,medium,low,7,name.com,,,07/08/2026 18:26
e9481d58-979d-4776-9b46-635f7d661816,stopped.mobile,available,22.98,26.98,high,low,7,namecheap,,,28/09/2026 01:05
11503ae7-ecb7-4790-8950-07c126e1d28b,dogging.mobile,premium,2500,2500,medium,low,7,name.com,,,14/08/2026 15:03
df80f750-525e-4e78-a6db-8089bd9d7990,gidgee.mobile,available,22.98,26.98,medium,low,6,namecheap,,,16/09/2026 20:01
da494e27-9bd5-4918-acdf-c1ae8459b780,ballistics.mobile,premium,780,780,high,low,10,namecheap,,,21/09/2026 22:57
0bbf7134-b071-4628-b585-dd1bdebc0837,smog.mobile,premium,390,390,high,low,4,namecheap,,,02/10/2026 06:26
4d2d053a-7eb5-4560-8eb5-4b161b16d544,topmost.mobile,available,22.98,26.98,medium,low,7,namecheap,,,11/09/2026 17:46
112862e1-2fc3-4115-b75d-a5cc7c522bd9,hackmatack.mobile,available,29.99,29.99,medium,low,10,name.com,,,22/09/2026 00:09
a71ee866-b9e3-4aa7-b21d-d91b8c0bcc2b,tender.mobile,premium,780,780,high,low,6,namecheap,,,21/09/2026 21:47
ce19b0c2-7e02-4056-980e-cb0e6eeb41f3,endurable.mobile,available,22.98,26.98,medium,low,9,namecheap,,,09/08/2026 04:33
bedcd599-8159-4f0f-b792-e5e3ad9f8a69,above.mobile,premium,390,390,high,low,5,namecheap,,,21/09/2026 14:29
d800f3b5-1691-49fa-8ac2-a5042d555b70,joke.mobile,premium,1300,1300,high,low,4,namecheap,,,22/09/2026 06:20
6b0259c3-47b9-404c-9ef9-df276a841f72,icing.mobile,premium,660,660,high,low,5,dynadot,,,01/10/2026 02:14
37b5fc3e-ea31-4181-83f0-4a575321d807,gonzalez.mobile,premium,780,780,high,low,8,namecheap,,,25/09/2026 16:13
21352d8c-9973-4d88-b852-1e76c6ef0649,bones.mobile,available,22.98,26.98,medium,low,5,namecheap,,,29/09/2026 03:19
6f99c0e9-869d-4dd6-bead-f2ed3bcd0ddf,stud.mobile,premium,2600,2600,high,low,4,namecheap,,,24/09/2026 23:35
a08db1d2-0de8-4a43-b02c-a59ae517881e,desultory.mobile,available,22.98,26.98,medium,low,9,namecheap,,,14/08/2026 04:36
a54777bd-4609-458b-8d94-ff0a0d7c56e3,speeds.mobile,premium,390,390,medium,low,6,namecheap,,,20/09/2026 02:30
ea743004-ccf3-4204-9bb3-d98459f2c5a9,fluttering.mobile,available,15.73,15.73,medium,low,10,spaceship,,,03/10/2026 00:47
7bb7b7e9-c4f3-4b44-a91d-f4529bf4af2b,reportable.mobile,available,22.98,26.98,medium,low,10,namecheap,,,09/09/2026 14:36
5de42745-0c8a-4330-9a16-8c0ae9a3e875,liaise.mobile,available,22.98,26.98,high,low,6,namecheap,,,22/08/2026 08:15
d8f007a3-01b3-4911-adcb-dbae5697a979,theorise.mobile,available,22.98,26.98,high,low,8,namecheap,,,24/09/2026 17:20
47f45eec-1417-43c9-bb53-4befa8522bdb,falk.mobile,premium,328.02,328.02,high,low,4,porkbun,,,03/10/2026 03:40
450d4625-b666-4236-8d07-82401397746f,zillion.mobile,premium,780,780,high,low,7,namecheap,,,11/09/2026 19:50
5170d9d0-6c38-455d-8921-f6a464b63711,acadian.mobile,available,22.98,26.98,high,low,7,namecheap,,,16/09/2026 20:29
9117e866-3861-4683-878d-31c1a37a933d,excitement.mobile,premium,780,780,high,low,10,namecheap,,,25/09/2026 05:50
484cbe42-2cd8-4801-8637-36f7829a43d8,loth.mobile,premium,375,375,medium,low,4,name.com,,,24/08/2026 08:19
8195eed5-bd54-45ee-922b-8bb72e7728db,rateable.mobile,available,22.98,26.98,high,medium,8,namecheap,,,09/09/2026 10:32
6191d5c1-4e91-4202-b908-10d393afdbe3,splendor.mobile,available,15.73,15.73,high,low,8,spaceship,,,30/09/2026 08:50
a3302747-2cc7-4a83-b803-0843f5e7564c,forthright.mobile,available,22.98,26.98,high,low,10,namecheap,,,11/08/2026 16:42
7dddda15-9702-46f8-91fe-f23a7408d05c,conformist.mobile,available,22.98,26.98,medium,low,10,namecheap,,,12/08/2026 21:13
19e3209e-aba7-4ac9-92b7-ca1b50b8511d,brutal.mobile,premium,750,750,medium,low,6,name.com,,,08/08/2026 15:45
2d3dc17f-c9f7-42c2-88ab-a69d8a825ec1,budding.mobile,premium,750,750,high,low,7,name.com,,,11/08/2026 07:42
1234a4fb-f603-4266-8b27-78a63d99b803,ail.mobile,premium,390,390,medium,low,3,namecheap,,,17/09/2026 21:05
d24d0bd4-72e7-4171-99b3-a6caf1a3e109,noxious.mobile,available,22.98,26.98,medium,low,7,namecheap,,,03/09/2026 22:21
f99b0cf4-3c0c-425c-beb8-9049360e3cd2,dilute.mobile,premium,750,750,high,low,6,name.com,,,
7f092c74-c2db-4a6a-b168-bc345c51e2fe,sphingine.mobile,available,22.98,26.98,medium,medium,9,namecheap,,,10/09/2026 15:32
56454e45-54ef-45db-bdd9-7fdd8b16060a,selling.mobile,premium,780,780,high,low,7,namecheap,,,25/09/2026 09:15
e3097e33-72d2-4280-90ab-c78ba1daac8d,jimi.mobile,premium,780,780,medium,low,4,namecheap,,,30/09/2026 05:10
89692d24-4074-4c34-abd7-eec928003c89,stormbound.mobile,available,22.98,26.98,low,low,10,namecheap,,,10/09/2026 21:22
4ab88256-bb8a-4ee7-81ca-946d0187e7b5,infantry.mobile,premium,621.2,621.2,high,low,8,spaceship,,,29/09/2026 13:08
83420584-e5c5-4526-88e5-de8066382402,fatso.mobile,available,22.98,26.98,medium,low,5,namecheap,,,17/08/2026 23:54
1f5adbb1-f9ee-415c-94bf-8cde20e6ed61,enraged.mobile,premium,750,750,medium,low,7,name.com,,,
edda328b-13b3-4fb2-9f15-1a48bfaaf2c6,sheen.mobile,premium,780,780,high,low,5,namecheap,,,02/10/2026 16:44
ce44a78f-41fb-44d1-9cd2-7f6f2668a12c,amora.mobile,available,22.98,26.98,high,low,5,namecheap,,,18/09/2026 22:38
906c57be-5ad6-45c6-9268-0319f445f0e9,rattling.mobile,premium,750,750,high,low,8,name.com,,,11/08/2026 04:30
c95ecedf-fd32-4caf-914b-4f14b2c91eb9,makes.mobile,premium,390,390,high,low,5,namecheap,,,16/09/2026 09:30
2c6669f1-1e16-49b5-9639-857c42567814,railroads.mobile,premium,780,780,medium,low,9,namecheap,,,30/09/2026 07:33
07b9dfc4-ae99-4d1d-8c1a-d005520e9d71,stomachic.mobile,available,22.98,26.98,medium,low,9,namecheap,,,18/08/2026 20:37
cb1a81eb-474e-43a0-b2ea-527231a01533,pollen.mobile,premium,330,330,high,low,6,dynadot,,,30/09/2026 07:06
c48e1c78-c656-4abc-82a3-72edb2e2693e,arrival.mobile,premium,390,390,high,low,7,namecheap,,,20/09/2026 09:13
99e735e6-6bf1-4a56-b745-2dea10ac1c97,sacrament.mobile,available,15.73,15.73,high,low,9,spaceship,,,02/10/2026 06:18
dabfd532-16c0-48d1-90a6-b1b6c71ed3d3,ivo.mobile,premium,2070.2,2070.2,high,low,3,spaceship,,,30/09/2026 04:54
9c771d66-d716-45de-9c20-53d2b79fb9f4,relaxed.mobile,premium,390,390,high,low,7,namecheap,,,09/09/2026 13:24
76830d12-94f8-474b-917d-98f6bae94491,acres.mobile,available,22.98,26.98,high,low,5,namecheap,,,17/09/2026 02:56
fffb3a48-b1d9-4947-9ede-50d5d73b55c2,logy.mobile,premium,375,375,medium,low,4,name.com,,,18/08/2026 09:55
2e576997-fec7-43c9-b416-d4730ea92d81,midweek.mobile,premium,780,780,high,low,7,namecheap,,,13/09/2026 09:34
d62b7a24-2182-4ba1-a7a4-64941a99f32d,delos.mobile,premium,660,660,high,low,5,dynadot,,,01/10/2026 23:44
2674f84b-7431-48db-b3b4-4a09120ccca1,aweigh.mobile,available,22.98,26.98,low,low,6,namecheap,,,07/08/2026 14:29
1550692d-0e1a-4c9c-acbb-eb9d93264baf,divers.mobile,premium,310.7,310.7,high,low,6,spaceship,,,01/10/2026 09:26
b1219304-7d14-4852-aeb6-cab27c5c44f7,civilized.mobile,premium,750,750,high,low,9,name.com,,,12/08/2026 09:06
1f757ca4-b488-4982-ab85-b564e5c3df9b,employers.mobile,premium,621.2,621.2,medium,low,9,spaceship,,,30/09/2026 06:06
85d7cf85-4050-439b-9b9d-50add9775a4c,auberge.mobile,premium,375,375,medium,low,7,name.com,,,21/09/2026 02:29
bf5c02f0-95b3-4c87-adb1-2b7a54d6c575,blinded.mobile,available,22.98,26.98,medium,low,7,namecheap,,,10/08/2026 14:24
7bdcd18e-edf4-4ef9-8fdc-f0d49a868003,construct.mobile,premium,390,390,high,low,9,namecheap,,,24/09/2026 10:59
5f774882-830b-46be-8234-0d68b0f33f3d,abducted.mobile,available,15.73,15.73,medium,low,8,spaceship,,,29/09/2026 05:02
269e5ed7-ec05-4a7b-927e-80e3f7e66d19,aqua.mobile,premium,390,390,high,medium,4,namecheap,,,19/09/2026 22:48
fd60d120-ef51-468e-8490-558de360e444,procedural.mobile,premium,780,780,high,low,10,namecheap,,,09/09/2026 02:31
0aaec2f8-4c00-4b29-94f4-59c4a9a058a4,substandard.mobile,available,15.73,15.73,medium,low,11,spaceship,,,03/10/2026 03:18
2e525a15-0812-4a53-8e94-6632fcb80873,chronology.mobile,available,22.98,26.98,high,low,10,namecheap,,,02/10/2026 14:38
f7607440-cbfb-418d-b63b-67c510e5e9c9,dial.mobile,premium,227.5,227.5,high,medium,4,namecheap,,,24/09/2026 22:10
29a85333-6bee-4853-a3ce-e370989eb3b5,canary.mobile,premium,750,750,high,low,6,name.com,,,11/08/2026 16:10
e445bbb8-1fb7-445c-8f29-7ee3305143da,winkle.mobile,available,22.98,26.98,medium,low,6,namecheap,,,18/08/2026 06:48
08c54b1c-c347-4312-8bea-7ba865f43822,confessed.mobile,available,15.73,15.73,medium,low,9,spaceship,,,28/09/2026 04:56
a34335e7-bb2c-4c53-bea4-eac1e4ddb14f,gramme.mobile,premium,330,330,high,low,6,dynadot,,,29/09/2026 20:16
781af632-cffc-4787-a1d8-d62f5cfff5c3,pickaback.mobile,available,22.98,26.98,medium,low,9,namecheap,,,15/09/2026 19:48
dc6bdca2-d61e-4150-ac40-e1eb9bb21d40,caprice.mobile,premium,780,780,high,low,7,namecheap,,,24/09/2026 12:38
99c21455-d887-4fdf-ad10-3a0edcbc9ef9,duration.mobile,premium,621.2,621.2,high,low,8,spaceship,,,28/09/2026 19:00
0c051120-cca0-4fe8-a270-bf1cc8c9d789,hai.mobile,premium,2600,2600,high,low,3,namecheap,,,27/09/2026 16:50
04657fa3-b78f-4226-815f-30dde81828d4,tragedies.mobile,available,15.73,15.73,low,low,9,spaceship,,,02/10/2026 03:44
ac3ac8f9-ece7-45f8-9524-917614cb7adc,inbred.mobile,available,22.98,26.98,medium,low,6,namecheap,,,22/08/2026 00:42
bfd81059-5752-4d0c-af31-ef318478d43a,babar.mobile,premium,390,390,high,low,5,namecheap,,,21/09/2026 12:14
9ffaf022-8eef-419b-969c-758ac967d942,sulphur.mobile,available,22.98,26.98,medium,low,7,namecheap,,,20/09/2026 22:29
7464d793-42bb-4062-9b1d-bbd0ada7e51c,divisible.mobile,available,22.98,26.98,high,low,9,namecheap,,,14/08/2026 13:57
2bb94a19-d3b9-44f9-ac97-586c3450b6c6,perverse.mobile,premium,750,750,medium,low,8,name.com,,,14/08/2026 02:31
4afa5643-81ac-4021-820a-ffa002193378,regiments.mobile,available,15.73,15.73,medium,low,9,spaceship,,,02/10/2026 22:16
8b6e7ccd-c7e2-4e14-bec1-46c9b24adf0b,overfed.mobile,available,22.98,26.98,medium,low,7,namecheap,,,04/09/2026 20:33
5cb12a81-64f9-40dd-8e5d-bf90faf5c672,fabius.mobile,available,16.27,16.27,medium,low,6,dynadot,,,02/10/2026 09:27
cdb2f1c9-85be-4df3-aa53-550aa886a47a,dirt.mobile,premium,52,52,high,low,4,namecheap,,,24/09/2026 10:53
7a5cf004-3027-46fc-870e-1a0914f30d12,redacted.mobile,available,22.98,26.98,high,low,8,namecheap,,,03/10/2026 02:58
93bc306b-f019-478a-8ef7-ca0be6077c07,pleases.mobile,available,22.98,26.98,medium,low,7,namecheap,,,02/10/2026 02:57
88480bdf-f86e-435a-8602-f40943da70c7,amritsar.mobile,premium,655.52,655.52,medium,low,8,porkbun,,,02/10/2026 20:21
5255501a-4755-4b1c-9377-1972b687f3aa,owners.mobile,premium,660,660,medium,low,6,dynadot,,,28/09/2026 08:43
614a350e-7102-4c71-ae02-8fa545bf7ea5,hailing.mobile,available,15.73,15.73,high,low,7,spaceship,,,03/10/2026 03:25
b2496e3e-c269-4afc-9ded-c372570d012f,miniskirt.mobile,premium,750,750,high,low,9,name.com,,,24/08/2026 23:47
7c51d265-fdff-46a0-b794-23254ec3bc6c,warning.mobile,premium,780,780,high,low,7,namecheap,,,13/09/2026 08:25
1794f2ba-e72d-4a4c-a3f0-dfe1aa3c86e4,cord.mobile,premium,330,330,high,low,4,dynadot,,,29/09/2026 11:36
e971f2bf-f4f6-43a7-a0d1-8e4ef71c72dd,blasts.mobile,available,22.98,26.98,medium,low,6,namecheap,,,02/10/2026 13:35
6798bc7e-75f5-4aa0-8940-cdaddd45bce0,natasha.mobile,premium,310.7,310.7,medium,low,7,spaceship,,,28/09/2026 11:59
37d8baa7-85a7-441e-9e54-704a2cc4d214,centralized.mobile,available,15.96,15.96,high,low,11,porkbun,,,02/10/2026 18:24
e47aa7d3-ddfa-4321-b5a8-4669ed22ada4,ferial.mobile,available,22.98,26.98,medium,low,6,namecheap,,,18/08/2026 01:56
5e3a3ac8-fbfa-4360-8029-47a774e79cf5,upper.mobile,premium,310.7,310.7,high,low,5,spaceship,,,28/09/2026 09:57
8d4ce730-232b-42b3-98b7-64a84b358213,anyways.mobile,available,22.98,26.98,medium,low,7,namecheap,,,13/09/2026 20:13
a6c0ce98-b404-4e00-9a1f-c71e113341d6,baldr.mobile,available,22.98,26.98,medium,low,5,namecheap,,,21/09/2026 21:35
8a28d689-d1c5-458c-a773-9e72abae56a2,innocent.mobile,premium,750,750,high,low,8,name.com,,,12/08/2026 10:16
f02bdc96-faaa-4823-b03b-9daa51d20baa,stuttgart.mobile,premium,780,780,high,low,9,namecheap,,,25/09/2026 10:46
7d5e5604-be44-4d00-935d-cb9cf79a547d,stubby.mobile,available,22.98,26.98,high,low,6,namecheap,,,10/09/2026 22:56
1add8440-b0fb-4e5c-b9ba-554af0ccce75,smallpox.mobile,available,15.73,15.73,medium,low,8,spaceship,,,29/09/2026 02:12
0b70ba1e-50e8-4673-b258-0f0f6e41aacd,taxing.mobile,available,22.98,26.98,medium,low,6,namecheap,,,11/08/2026 10:33
9d429c00-7e0f-4177-b2c8-2da5061b7d40,conklin.mobile,premium,621.2,621.2,medium,low,7,spaceship,,,30/09/2026 13:55
87aaee20-631c-4976-8386-a4ce4712d6df,infertile.mobile,available,22.98,26.98,medium,low,9,namecheap,,,22/08/2026 04:24
d4765b60-198e-4e3e-929b-a2b6eed41e74,derivative.mobile,available,22.98,26.98,high,low,10,namecheap,,,14/08/2026 03:01
ac580350-e094-407d-a536-cebaf40422a7,thebes.mobile,available,15.96,15.96,medium,low,6,porkbun,,,28/09/2026 11:00
a0fe38b7-675a-4571-addf-1b793d9a31d6,aimee.mobile,available,15.73,15.73,medium,low,5,spaceship,,,02/10/2026 02:35
9c572cee-2350-4ea9-b842-44af34970712,boyhood.mobile,available,15.73,15.73,high,low,7,spaceship,,,02/10/2026 14:26
c08e83d7-45fb-4d8b-a1ee-df457905c374,unyielding.mobile,available,22.98,26.98,high,low,10,namecheap,,,14/08/2026 15:01
5ac21871-2ed5-407f-aaf9-94ac14eb9402,fuses.mobile,premium,621.2,621.2,medium,low,5,spaceship,,,02/10/2026 13:29
ada94bf3-e9a3-468a-b469-92cb2cdee70b,noise.mobile,premium,621.2,621.2,high,low,5,spaceship,,,29/09/2026 22:07
b05f4073-4019-4079-945e-6b5dae9a989e,buys.mobile,premium,1035.2,1035.2,medium,low,4,spaceship,,,28/09/2026 09:07
0da5105f-8b69-46ed-bec5-861f051eea41,agony.mobile,premium,780,780,medium,low,5,namecheap,,,11/09/2026 01:10
00197266-74d2-4662-91b3-ae7388ebf389,compared.mobile,available,22.98,26.98,medium,low,8,namecheap,,,27/09/2026 09:01
2a9cb19a-9e8b-4801-9ebe-40dba26e5839,aboulic.mobile,available,22.98,26.98,medium,low,7,namecheap,,,
2834e3ba-f12a-41a8-ab67-7816cc54dfc5,taft.mobile,premium,310.7,310.7,high,low,4,spaceship,,,29/09/2026 07:29
a4a92910-7174-45fe-8d14-3453a5d50f91,continuous.mobile,premium,750,750,high,low,10,name.com,,,23/09/2026 22:20
11201929-a104-4ebf-b62e-470373e0ba51,migrant.mobile,premium,750,750,high,low,7,name.com,,,24/08/2026 22:47
904b26bf-20b2-486e-ac02-d1fba3ef0fb1,jewelled.mobile,available,22.98,26.98,medium,low,8,namecheap,,,18/08/2026 21:12
2a255a76-3929-4362-ab4b-51c36d2195f5,nys.mobile,premium,330,330,high,low,3,dynadot,,,29/09/2026 15:44
fab462a1-6f52-46ac-8930-37249f5945f2,october.mobile,premium,328.02,328.02,high,low,7,porkbun,,,28/09/2026 02:51
537081a7-44ab-4ee4-800c-f62a2ebf0a2f,fracture.mobile,available,15.73,15.73,high,low,8,spaceship,,,28/09/2026 01:53
cc57f955-8c61-429b-a914-c1ad22343bcf,directory.mobile,premium,227.5,227.5,high,low,9,namecheap,,,24/09/2026 22:24
ef85cea2-ffcc-4bbc-b375-5bee076309e8,starving.mobile,available,22.98,26.98,medium,low,8,namecheap,,,10/09/2026 19:04
ae6cb61c-b7a0-457d-b7bd-870c5706cb01,hawkes.mobile,available,16.27,16.27,high,low,6,dynadot,,,29/09/2026 15:44
5cd24103-e77a-4697-be47-bcb83154e8db,timeworn.mobile,available,22.98,26.98,medium,low,8,namecheap,,,08/08/2026 11:14
3e90f3f4-247c-403a-82c0-e4f2f6f2640a,dope.mobile,premium,1250,1250,high,low,4,name.com,,,24/08/2026 10:28
b138428e-d47a-4876-b233-74d814daba2b,truculent.mobile,available,22.98,26.98,medium,low,9,namecheap,,,11/09/2026 20:29
0dae55e3-77d6-4d96-a3d7-cc03f275285f,precursory.mobile,available,22.98,26.98,high,medium,10,namecheap,,,09/09/2026 01:20
3cd61884-d681-4c15-a26e-547853fd43b7,farsighted.mobile,available,22.98,26.98,medium,low,10,namecheap,,,17/08/2026 22:41
b921579f-7c16-4c7b-a40f-2164e8d4e2fb,treble.mobile,available,22.98,26.98,high,low,6,namecheap,,,14/08/2026 16:41
107d48d3-d8c8-49de-97a1-8cb9f7d76728,spareribs.mobile,available,22.98,26.98,high,low,9,namecheap,,,22/09/2026 04:41
cb7f97ed-b0af-48e1-9ffb-c5897704f1d5,afp.mobile,premium,390,390,high,low,3,namecheap,,,17/09/2026 15:12
8b367f73-d72d-4385-a565-df1f05cb7512,tarry.mobile,premium,780,780,medium,low,5,namecheap,,,09/09/2026 15:16
9e367323-117b-46a1-95e4-9546884bb141,litigate.mobile,premium,780,780,medium,low,8,namecheap,,,17/09/2026 05:06
df8d57a5-986e-4899-83f9-dae3bc0a8852,anodic.mobile,available,22.98,26.98,high,low,6,namecheap,,,
93330a36-739c-40df-97f8-6ff874d00407,hotfoot.mobile,available,22.98,26.98,high,low,7,namecheap,,,09/09/2026 19:44
9f0e1d7f-5123-45e8-9e67-cd631354783b,bunk.mobile,available,22.98,26.98,medium,low,4,namecheap,,,03/09/2026 20:32
dd401d55-7916-4635-a1bb-5d9bae2bf5be,nursery.mobile,premium,390,390,high,low,7,namecheap,,,24/09/2026 23:01
259cb043-4eeb-4ce7-9a50-f4789fc1d761,confederate.mobile,available,22.98,26.98,high,low,11,namecheap,,,29/09/2026 08:51
f8d8f737-8902-412d-a33a-6a19f94a2aa3,poke.mobile,premium,375,375,high,low,4,name.com,,,22/08/2026 18:45
33d1d0fe-1fcf-4462-9a74-32dfc24295e0,used.mobile,premium,390,390,high,low,4,namecheap,,,25/09/2026 07:44
08d21666-3cd0-4c93-9751-6e6abe05b53c,brixton.mobile,premium,621.2,621.2,medium,low,7,spaceship,,,02/10/2026 20:33
a2005091-dde4-4121-82cb-707d62ce271e,amazement.mobile,available,22.98,26.98,high,low,9,namecheap,,,18/09/2026 16:18
31c9de14-5e05-4098-a123-1e3152ffefb5,lukas.mobile,premium,310.7,310.7,high,low,5,spaceship,,,30/09/2026 04:46
5a8f6365-bf1d-404a-b90a-9bec26f6ddad,totally.mobile,premium,780,780,high,low,7,namecheap,,,22/09/2026 00:22
8a660210-3040-4e6d-a1d1-1403b69a22b7,interviewing.mobile,available,15.96,15.96,medium,low,12,porkbun,,,29/09/2026 11:14
650bcb34-e27f-472b-b378-d15052b4833e,costume.mobile,premium,780,780,high,low,7,namecheap,,,24/09/2026 18:31
78dff3ca-6028-4d96-908f-186d2c595966,proved.mobile,premium,390,390,high,low,6,namecheap,,,27/09/2026 07:48
a3799f28-1966-44e5-8902-8c9069dbe1c5,gum.mobile,premium,780,780,high,low,3,namecheap,,,24/09/2026 14:25
08565eb2-6be1-4fe4-80a0-2fd06ae81e72,otter.mobile,premium,310.7,310.7,high,low,5,spaceship,,,29/09/2026 19:52
b6ab39b2-8b6e-476c-8e73-0ccc75f9862b,terminus.mobile,premium,780,780,high,low,8,namecheap,,,11/09/2026 11:48
cd0de75a-da2f-41f9-bd66-81833cb78719,trinity.mobile,available,22.98,26.98,high,medium,7,namecheap,,,21/09/2026 13:07
d031147e-851f-4d5a-ab45-a14f730f035d,dessert.mobile,premium,328.02,328.02,high,low,7,porkbun,,,01/10/2026 21:42
d6228206-bc0c-4d2f-88fd-c9b10b3806c1,audiotape.mobile,premium,1300,1300,high,low,9,namecheap,,,21/09/2026 03:01
9f9349c1-1705-4fa2-9cdb-e5b5af245e7f,unvalued.mobile,available,22.98,26.98,medium,low,8,namecheap,,,12/09/2026 22:02
c2367995-fdea-44ab-843b-0605db6daa96,bechamel.mobile,available,29.99,29.99,medium,low,8,name.com,,,22/09/2026 22:33
b51b9494-7699-42b5-a875-505fbb0dec7d,anointer.mobile,available,22.98,26.98,medium,low,8,namecheap,,,19/09/2026 11:18
f1d212aa-f7d4-458e-b344-b2d9ee5610ee,record.mobile,premium,390,390,high,low,6,namecheap,,,24/09/2026 19:29
23082690-b873-4b26-ae43-e4566ef8882c,seaweed.mobile,available,15.73,15.73,high,low,7,spaceship,,,30/09/2026 02:49
9d05bc0c-da29-4f41-a124-d05ec79751c4,safer.mobile,premium,390,390,medium,low,5,namecheap,,,27/09/2026 03:09
d8f823dd-a820-4176-b33b-bd23942ae175,brummagem.mobile,available,22.98,26.98,medium,low,9,namecheap,,,11/08/2026 06:42
1cb86ce7-81ac-4351-9f8d-1c2aaaf1e987,untested.mobile,available,22.98,26.98,medium,low,8,namecheap,,,12/09/2026 21:13
f7096431-3012-4136-8a21-b92d0cc43996,allusive.mobile,available,22.98,26.98,medium,low,8,namecheap,,,
db4e11d4-4b1b-47ab-a787-33e7ae42496d,selective.mobile,premium,780,780,high,low,9,namecheap,,,10/09/2026 01:58
7d3b0705-fba8-448b-adfe-4ed0dfafe2f3,raining.mobile,available,22.98,26.98,high,low,7,namecheap,,,19/09/2026 11:06
3a095363-8c88-4c82-b3f9-b8c16a6a6d43,replying.mobile,available,22.98,26.98,medium,low,8,namecheap,,,18/09/2026 12:55
d457ae2b-786b-493b-ad99-18837701788b,schema.mobile,available,22.98,26.98,high,low,6,namecheap,,,03/10/2026 02:03
a4631e93-c4aa-47bb-b087-106104957dbc,ascendable.mobile,available,22.98,26.98,medium,low,10,namecheap,,,07/08/2026 00:35
10baf67d-0325-4252-b09f-9e0b6f4b3466,lifting.mobile,premium,660,660,high,low,7,dynadot,,,28/09/2026 04:32
ae7fdde4-a983-4c67-bb89-5eb4fa4ba20d,single.mobile,premium,780,780,high,low,6,namecheap,,,21/09/2026 10:43
56032bb9-21ea-4f16-b39d-eb0d6a0d8698,unprepared.mobile,premium,780,780,medium,low,10,namecheap,,,12/09/2026 17:22
40da6e08-1ad1-4a8a-ac31-058bdb888e48,periods.mobile,available,15.73,15.73,medium,low,7,spaceship,,,28/09/2026 18:01
f8d2253a-e708-4787-bc8d-f8eec7fdbcf8,seaborne.mobile,available,22.98,26.98,medium,low,8,namecheap,,,10/09/2026 00:34
55a5e3fd-3c50-4d2b-87f4-f585de73d853,tolerance.mobile,premium,621.2,621.2,high,low,9,spaceship,,,28/09/2026 20:10
57a7b64b-cff0-41cc-b984-4d591f84bf69,backwater.mobile,available,29.99,29.99,high,low,9,name.com,,,21/09/2026 16:21
79ce3652-2c14-481f-97b6-ec850dbc079f,anhui.mobile,premium,621.2,621.2,medium,low,5,spaceship,,,30/09/2026 21:24
031579d7-4912-432c-b79a-aeb334d5e7ff,charcot.mobile,available,15.73,15.73,medium,low,7,spaceship,,,02/10/2026 23:56
55ba4fc2-482e-4def-bca1-845d63b6c3c4,rustling.mobile,available,22.98,26.98,high,low,8,namecheap,,,03/09/2026 11:20
5d5cbde0-7e52-437b-a9fe-4a232496ebe8,incompatible.mobile,premium,621.2,621.2,medium,low,12,spaceship,,,01/10/2026 21:24
46428096-cc01-4789-9430-7950cbf50118,residents.mobile,available,15.96,15.96,low,low,9,porkbun,,,28/09/2026 09:00
a7128f12-408d-431c-9593-9e6ebf07bbc7,chinch.mobile,available,22.98,26.98,medium,low,6,namecheap,,,22/09/2026 22:46
bb8f1f58-12e9-4a19-aaa6-3ec23e80f17a,audubon.mobile,premium,780,780,medium,low,7,namecheap,,,21/09/2026 03:14
b84646f4-ace6-4b20-ac1d-594abadc4641,industries.mobile,premium,310.7,310.7,medium,low,10,spaceship,,,30/09/2026 14:25
78c68690-0db4-4de0-ae88-8d3b7a9eeeee,parisian.mobile,premium,780,780,high,low,8,namecheap,,,08/09/2026 01:34
7033a32f-8d52-47c7-9ebf-803249db0347,ethically.mobile,available,22.98,26.98,high,low,9,namecheap,,,14/09/2026 16:20
f2f86734-49ce-4845-aa97-498d1b9b7a57,remake.mobile,premium,660,660,high,low,6,dynadot,,,30/09/2026 10:58
e5f078f2-970f-467f-9c90-f7521db98b89,pediatrics.mobile,premium,1035.2,1035.2,high,low,10,spaceship,,,02/10/2026 16:19
deb2f7d8-4330-49a4-aae5-2143f23c2452,actuator.mobile,available,22.98,26.98,medium,low,8,namecheap,,,17/09/2026 05:24
cc68c6f6-07f7-4f95-8ed1-35f19b6ba259,products.mobile,premium,390,390,high,low,8,namecheap,,,08/09/2026 11:31
b5b7ab74-735e-4526-8009-226199ecbacb,unedited.mobile,available,22.98,26.98,medium,low,8,namecheap,,,12/09/2026 08:51
3ecb8b18-60d8-420e-b135-f9caba6ecc30,bottom.mobile,premium,750,750,high,low,6,name.com,,,09/08/2026 11:50
17bc25cb-a987-4499-b472-5b0f5f5dbd2c,homeland.mobile,premium,621.2,621.2,medium,low,8,spaceship,,,28/09/2026 09:28
f50141fb-e838-4651-bb5c-6dd1e16aefc0,instate.mobile,available,26.98,,medium,low,8,namecheap,,,
c1d3b2f7-f99a-49e6-bd28-aa51376b5a11,southwest.mobile,premium,1035.2,1035.2,medium,low,9,spaceship,,,28/09/2026 13:09
41980a06-a1cd-45cf-bb95-394a08e92f41,solomons.mobile,premium,621.2,621.2,medium,low,8,spaceship,,,30/09/2026 18:46
1c8f7d73-efbb-484c-a973-0102aaf1cb9c,straying.mobile,available,22.98,26.98,high,low,8,namecheap,,,10/09/2026 22:14
263a0e7b-5d56-4f3c-b8dc-0d405a1543e8,stroller.mobile,available,22.98,26.98,high,low,8,namecheap,,,18/09/2026 17:04
2ecd1db3-e30e-4b00-b125-38726fe8765f,biracial.mobile,available,22.98,26.98,high,low,8,namecheap,,,10/08/2026 05:42
5dba35f6-cd87-453c-995c-4d2acaad908f,tax.mobile,premium,780,780,high,medium,3,namecheap,,,01/10/2026 14:25
010c0b49-71df-4e99-a2df-e3b126ec8377,sunset.mobile,premium,330,330,high,low,6,dynadot,,,28/09/2026 01:58
89644b15-34b0-4ead-a782-4f887a6bf654,unattended.mobile,available,22.98,26.98,medium,low,10,namecheap,,,12/09/2026 01:17
58ae05ab-f57c-4c34-b7af-e29eda030948,seconds.mobile,premium,780,780,high,low,7,namecheap,,,25/09/2026 18:47
79f2ac66-b279-4fd7-989e-5b25e543768a,obedience.mobile,premium,621.2,621.2,high,low,9,spaceship,,,29/09/2026 13:35
b9f1b7bf-a4aa-4237-adad-357d07b55316,donation.mobile,premium,621.2,621.2,high,low,8,spaceship,,,29/09/2026 16:32
135e4d67-e22c-4502-85f0-3fb8288eb57b,andalucia.mobile,available,22.98,26.98,high,low,9,namecheap,,,19/09/2026 03:58
f9b609a8-55e4-4045-aa47-6ef5afda9717,date.mobile,premium,1035.2,1035.2,high,low,4,spaceship,,,29/09/2026 13:13
2182dd54-54eb-45af-9990-1f2029acf65f,arctium.mobile,available,22.98,26.98,medium,low,7,namecheap,,,20/09/2026 02:49
6020a02c-6bc6-4555-b4d0-61856b07ccd4,briton.mobile,premium,375,375,high,low,6,name.com,,,11/08/2026 04:48
cd1b92e3-be92-4de8-9461-e8a894e8b9f8,atrocity.mobile,premium,750,750,medium,low,8,name.com,,,21/09/2026 00:49
fabc4336-9dd5-4f9c-8960-607e53ce2113,section.mobile,premium,780,780,high,low,7,namecheap,,,08/09/2026 06:07
40223ac1-b42f-4a62-ae99-aa05dd75388f,monastery.mobile,available,15.73,15.73,high,low,9,spaceship,,,28/09/2026 19:54
9cadb7cd-657d-46fd-8c11-f6ee778e28df,verpa.mobile,available,29.99,29.99,medium,low,5,name.com,,,23/09/2026 05:34
6f9e2789-3185-4706-b740-443849634431,bricks.mobile,premium,375,,high,low,6,name.com,,,
40ba1615-751d-47ec-a09e-e7fa06a0c299,omissive.mobile,available,22.98,26.98,medium,low,8,namecheap,,,04/09/2026 02:28
41535f05-2c4c-4a66-97d1-8abb0f49c77f,barbarians.mobile,available,15.73,15.73,medium,low,10,spaceship,,,01/10/2026 00:21
e963be95-1274-4504-951a-afba3d187d31,cpr.mobile,premium,1300,1300,high,low,3,namecheap,,,24/09/2026 12:51
d86aa45d-3fe4-4d50-9482-a978c60c62e6,gable.mobile,available,15.73,15.73,medium,low,5,spaceship,,,03/10/2026 00:03
0bdf5710-a112-4d3b-9b5d-eb3bf55b3975,gita.mobile,premium,390,390,medium,low,4,namecheap,,,23/09/2026 12:33
b2b418e8-0c8a-4aac-a49d-f572d66402d3,fascism.mobile,available,15.73,15.73,medium,low,7,spaceship,,,30/09/2026 01:35
a38aabec-fc61-41a3-9f52-b17cacf57892,mclachlan.mobile,available,15.73,15.73,medium,low,9,spaceship,,,02/10/2026 20:58
ab0ff378-e22c-444a-a022-91550c7cae3b,pawpaw.mobile,available,22.98,26.98,medium,low,6,namecheap,,,20/09/2026 14:11
78107c1e-ad36-4d53-80d1-2e7d24765969,catalogues.mobile,available,16.27,16.27,medium,low,10,dynadot,,,02/10/2026 22:23
166225ae-d55f-475c-8330-22f01d8d2d41,carrara.mobile,available,15.73,15.73,medium,low,7,spaceship,,,02/10/2026 11:43
e8fccc92-fc6a-4853-9880-767d62bbe19b,ecru.mobile,available,22.98,26.98,medium,low,4,namecheap,,,09/08/2026 12:26
d7c86d3d-7dc4-48f6-aa49-846eec95d88e,ruminant.mobile,available,22.98,26.98,high,medium,8,namecheap,,,09/09/2026 19:22
b4c3fbf9-655d-444e-8c78-de9d0a8909c9,middling.mobile,available,22.98,26.98,medium,low,8,namecheap,,,22/08/2026 13:46
25f7ddd3-0303-4393-a96d-e61fcaa2083e,syringe.mobile,premium,1035.2,1035.2,high,low,7,spaceship,,,30/09/2026 11:09
7fe07078-8f84-40be-a0c0-35fdcec0176b,screwdriver.mobile,available,15.73,15.73,high,low,11,spaceship,,,01/10/2026 04:34
1ddd114c-8858-4b42-8981-85f2d1c424c0,perjury.mobile,available,22.98,26.98,medium,low,7,namecheap,,,22/09/2026 21:18
8c8b051e-e04c-493b-aa66-a86d97031da3,alces.mobile,available,22.98,26.98,high,low,5,namecheap,,,18/09/2026 03:55
aaca5f20-e122-4bc3-85c0-d4a19fe773b5,ferrous.mobile,available,22.98,26.98,medium,low,7,namecheap,,,18/08/2026 02:09
66704ff5-7d91-456f-84db-0f2d916c0475,flies.mobile,premium,390,390,high,low,5,namecheap,,,25/09/2026 06:05
35326512-11f3-4640-b1f5-1c642505542e,noncommercial.mobile,available,16.27,16.27,medium,low,13,dynadot,,,02/10/2026 07:38
0129dece-5f75-475c-bb6f-d95a347da4d5,riotous.mobile,available,29.99,29.99,medium,low,7,name.com,,,13/08/2026 20:26
fa553dca-1bea-489d-a522-855e92eb6f10,oppressed.mobile,premium,780,780,medium,low,9,namecheap,,,04/09/2026 16:50
81a91f17-7924-4667-b9a3-07a9765da979,esfahan.mobile,premium,780,780,medium,low,7,namecheap,,,20/09/2026 14:33
6a515ed8-048d-40de-a53f-63cd58803265,rematch.mobile,available,22.98,26.98,high,medium,7,namecheap,,,01/10/2026 21:30
d701bdcd-7e74-4e9b-8bfc-eda43ac51cbc,recalling.mobile,available,15.73,15.73,high,low,9,spaceship,,,02/10/2026 21:33
cfb400a8-d1d2-4d5e-93e4-c2c6f6c8e6a4,drank.mobile,available,15.73,15.73,high,low,5,spaceship,,,28/09/2026 08:20
761065da-ba48-4b10-a6ff-ce269dde970f,agnomen.mobile,premium,780,780,medium,low,7,namecheap,,,17/09/2026 18:44
b30ba970-cd06-443f-819b-bc9d38cd8e90,simulate.mobile,premium,750,750,high,low,8,name.com,,,10/09/2026 05:47
483820c5-57d4-45ba-845d-0a8cb2a2043d,pasture.mobile,premium,621.2,621.2,high,low,7,spaceship,,,29/09/2026 00:44
07ac06f1-e1fa-42af-b74d-281cb4664e07,suspend.mobile,premium,655.52,655.52,high,low,7,porkbun,,,30/09/2026 18:25
f19cf54d-9b94-4707-9f72-4f9473a6ec43,dss.mobile,premium,310.7,310.7,high,medium,3,spaceship,,,30/09/2026 13:05
219f97f7-c0a6-4127-9aa8-b3dfedaf1fab,color.mobile,premium,1300,1300,high,low,5,namecheap,,,23/09/2026 15:05
36ae0f61-d081-4d99-87b6-9dd086ec6deb,forensics.mobile,premium,660,660,high,low,9,dynadot,,,30/09/2026 09:42
f642f1d7-a4f6-4457-94b7-faf9f975f240,necessity.mobile,premium,750,750,high,low,9,name.com,,,24/09/2026 15:20
dc383019-7f7b-439c-9d51-5c36514c5e65,valueable.mobile,available,15.73,15.73,medium,low,9,spaceship,,,02/10/2026 04:51
c69ac5b6-d6a6-4932-91ae-e2cac1c86352,jamaican.mobile,premium,750,750,high,low,8,name.com,,,22/08/2026 12:11
4edb576c-7d23-4d4b-b7a9-ca5a38b33c17,reeves.mobile,premium,780,780,high,low,6,namecheap,,,29/09/2026 09:55
dac5ceb1-4bda-47a3-915c-87a660c5f0fa,horizontal.mobile,premium,375,375,high,low,10,name.com,,,21/08/2026 14:00
00364488-6869-4d41-bbfa-b1e99cefd3b4,out.mobile,premium,2070.2,2070.2,high,low,3,spaceship,,,30/09/2026 17:39
82120300-7c3a-4760-9fa2-53af32abedba,jenna.mobile,available,15.73,15.73,medium,low,5,spaceship,,,29/09/2026 04:01
c88c3b8a-c80a-4120-b10a-ea733e2ba728,concessions.mobile,premium,660,660,medium,low,11,dynadot,,,30/09/2026 23:40
34e8287b-1e44-4148-bb4c-e5adc3401cc7,florid.mobile,available,22.98,26.98,medium,low,6,namecheap,,,07/08/2026 17:26
3d588ca6-e9bc-4471-afb6-fb79b0db4b28,arp.mobile,premium,390,390,high,low,3,namecheap,,,20/09/2026 08:35
69021c2b-973b-4c0e-99fe-4c2d32f011cc,namespace.mobile,available,15.73,15.73,high,low,9,spaceship,,,01/10/2026 22:53
5c186770-cec8-4e3c-b249-43fd248b29b3,bows.mobile,available,22.98,26.98,medium,low,4,namecheap,,,30/09/2026 06:27
67c17590-ec18-4835-9053-87fa7334e32d,plump.mobile,available,22.98,26.98,high,low,5,namecheap,,,12/08/2026 07:35
de8d648e-085a-42b4-a8d7-143678c0380c,holme.mobile,available,15.73,15.73,medium,low,5,spaceship,,,02/10/2026 07:11
f8c16ef6-89c0-4153-9d22-3d0fef10733e,enumerable.mobile,available,22.98,26.98,medium,low,10,namecheap,,,13/08/2026 03:30
670766f8-bf7d-4e9e-82ae-18df0fa4a591,minsk.mobile,premium,390,390,high,low,5,namecheap,,,28/09/2026 05:24
0a71a47b-3333-40a3-9a7e-644407882dfb,envelope.mobile,premium,1300,1300,high,low,8,namecheap,,,25/09/2026 22:36
d24c9d77-9fce-4932-adc0-232608d71412,blankly.mobile,available,22.98,26.98,medium,low,7,namecheap,,,14/09/2026 00:13
4c7ada6f-e2f6-4461-86c7-b0d3bd2baac5,aga.mobile,premium,390,390,high,low,3,namecheap,,,17/09/2026 15:58
87007105-88ca-4b33-8e0c-b9f6b05e335e,extrovert.mobile,available,22.98,26.98,high,low,9,namecheap,,,17/08/2026 19:27
8a02132e-4bd1-4605-821f-1e5c6d245a8c,believer.mobile,premium,390,390,high,low,8,namecheap,,,23/09/2026 05:13
674d0d7b-6fed-4524-bdaf-53c22d1a54d8,bidet.mobile,premium,780,780,high,low,5,namecheap,,,23/09/2026 13:46
eb9a4693-588d-4df2-8ea3-cf04bd07d952,abdominal.mobile,available,22.98,26.98,high,low,9,namecheap,,,21/09/2026 13:47
88892ddf-19d0-4004-8672-504768f11175,letters.mobile,premium,621.2,621.2,high,low,7,spaceship,,,30/09/2026 02:50
5c084105-15f1-4be0-83e8-8d5910246b92,clxxv.mobile,available,22.98,26.98,medium,low,5,namecheap,,,
7df7fdf9-e653-4f0f-a414-b1698c614098,aromatic.mobile,available,22.98,26.98,high,low,8,namecheap,,,22/09/2026 08:02
ba622d06-569b-4008-b5cc-12ae1606b2c8,libyan.mobile,premium,750,750,high,low,6,name.com,,,23/08/2026 00:54
79abcd64-4340-463a-818f-246d0456ed7d,surefooted.mobile,available,22.98,26.98,high,low,10,namecheap,,,18/08/2026 10:50
9e67c805-8c2d-4721-9be9-3a1b45cbe5cc,realistic.mobile,premium,780,780,high,low,9,namecheap,,,03/09/2026 13:57
ebf64024-df41-4457-a41c-00575848069d,edgerton.mobile,available,16.27,16.27,medium,low,8,dynadot,,,30/09/2026 13:45
d5941dc9-abe0-4ba3-8559-454a9ddc0db3,swaggie.mobile,premium,1300,1300,medium,low,7,namecheap,,,11/09/2026 05:03
adfa59a5-b58b-4e28-9094-0a4114b348c9,beetling.mobile,available,22.98,26.98,medium,low,8,namecheap,,,09/08/2026 08:22
f07f088b-8cc5-4011-bb3e-20ea55d188af,ahura.mobile,premium,780,780,medium,low,5,namecheap,,,17/09/2026 20:40
b330e446-c9dd-47aa-9f32-2f4a576b14f8,pistons.mobile,premium,621.2,621.2,medium,low,7,spaceship,,,01/10/2026 00:56
09053b51-5f29-43bc-ad51-082261606c48,fleshy.mobile,available,22.98,26.98,medium,low,6,namecheap,,,18/08/2026 08:02
f9e3e3aa-d9b9-4d1e-97e5-22e4ea7108d7,aggregated.mobile,available,22.98,26.98,high,low,10,namecheap,,,
72f26643-1b01-49c4-bcac-7094ccf68046,expense.mobile,premium,780,780,high,low,7,namecheap,,,24/09/2026 22:30
4c7bf273-a81f-4678-886e-dfeda897a81a,sixer.mobile,available,22.98,26.98,medium,low,5,namecheap,,,
558a24aa-f1cd-4902-b84f-9f47ceb6c347,romanist.mobile,available,22.98,26.98,medium,low,8,namecheap,,,05/09/2026 01:28
fc0dc3cf-cc97-4b1f-9ca5-38260da09eae,shovels.mobile,premium,750,750,medium,low,7,name.com,,,20/09/2026 10:22
c6ad8701-1c18-424d-a784-43b9ff41bdc5,droll.mobile,available,22.98,26.98,medium,low,5,namecheap,,,14/08/2026 19:39
f471db9f-267c-4e80-8b5e-3e76016ffe05,malayalam.mobile,premium,655.52,655.52,high,low,9,porkbun,,,30/09/2026 17:57
60a80d98-9119-4810-a750-bb013ae6154f,sonja.mobile,premium,621.2,621.2,medium,low,5,spaceship,,,01/10/2026 08:57
c751d3ea-3685-4c67-a9d0-ee6225f004b0,guinean.mobile,available,22.98,26.98,medium,low,7,namecheap,,,20/08/2026 20:52
093dabb3-9068-4863-bfc0-4218a5febb26,bly.mobile,premium,330,330,medium,low,3,dynadot,,,02/10/2026 06:48
759c90da-b8fe-4123-8a24-fa97ee975c7a,audiometry.mobile,available,22.98,26.98,medium,low,10,namecheap,,,21/09/2026 02:58
4bbe6f47-adb6-4e60-a019-ac441934d868,brothel.mobile,premium,2600,2600,medium,low,7,namecheap,,,21/09/2026 18:15
997c7fc9-65bf-4837-ac74-f35d636632e7,donatus.mobile,available,22.98,26.98,medium,low,7,namecheap,,,17/09/2026 12:26
10ff7a88-2e9a-4341-af08-77ca032cfbb5,rectangle.mobile,premium,660,660,medium,low,9,dynadot,,,02/10/2026 21:37
f42f542c-59a9-4db5-b88f-fd8e5f202403,jigsaw.mobile,premium,310.7,310.7,high,low,6,spaceship,,,02/10/2026 04:58
d7c6af5a-f497-4a44-8aea-c90749a5405d,hemphill.mobile,available,22.98,26.98,medium,low,8,namecheap,,,01/10/2026 23:34
e31f9e85-16ed-4920-baba-921f831857bb,hunt.mobile,premium,390,390,high,medium,4,namecheap,,,25/09/2026 23:08
2b580f3f-dce9-495b-8976-388d9d06b67a,inhabited.mobile,premium,750,750,high,low,9,name.com,,,22/08/2026 04:59
2e0522d2-e9c6-4727-9906-5674bbb40b3c,politically.mobile,premium,660,660,medium,low,11,dynadot,,,28/09/2026 11:12
777f6d02-991b-4c5e-9f0a-f76447167e9f,rhombic.mobile,available,22.98,26.98,medium,low,7,namecheap,,,09/09/2026 16:43
4f94455a-8975-4c10-bcfe-86283dd3e76f,jazzy.mobile,available,22.98,26.98,high,low,5,namecheap,,,22/08/2026 12:35
966e0c02-7796-466c-8cc7-ef06ada8314a,hieronymus.mobile,available,15.73,15.73,medium,low,10,spaceship,,,03/10/2026 00:41
ea6c5133-1709-457d-9dc7-35c96b872a2b,norvasc.mobile,available,22.98,26.98,medium,low,7,namecheap,,,18/09/2026 21:58
0be49a88-741a-4b0b-bc3c-47f7c18b2d2d,moderate.mobile,premium,750,750,high,low,8,name.com,,,12/08/2026 00:16
d56652df-c334-4a03-aae0-ba3a8c615a6c,texarkana.mobile,premium,621.2,621.2,medium,low,9,spaceship,,,30/09/2026 18:56
c05490d6-8561-499b-9953-6a8bcc6e9db3,perky.mobile,premium,390,390,high,low,5,namecheap,,,08/09/2026 17:33
521476db-6128-4a94-833a-3ce6d40ed42d,stoner.mobile,premium,621.2,621.2,high,low,6,spaceship,,,02/10/2026 05:35
a918ae78-abdc-4c93-89d9-a751e2f42b8d,referee.mobile,premium,621.2,621.2,high,low,7,spaceship,,,28/09/2026 10:49
790f31c8-a1a9-4d01-ab59-d205d0540a5e,deduction.mobile,available,15.73,15.73,high,low,9,spaceship,,,30/09/2026 09:21
a9b60e43-5ace-48e1-be28-45806e6d97ad,odo.mobile,premium,2070.2,2070.2,high,low,3,spaceship,,,01/10/2026 03:09
9bad3049-7eb5-427d-a3ca-d316da94440d,pavement.mobile,premium,660,660,high,low,8,dynadot,,,29/09/2026 07:50
772edde0-47e8-4890-943f-54ce9efdf021,obligated.mobile,available,15.73,15.73,high,low,9,spaceship,,,29/09/2026 21:21
1b570c57-2c53-4167-b0bb-8248be28db7e,arden.mobile,premium,621.2,621.2,medium,low,5,spaceship,,,28/09/2026 12:17
1588f5a0-6eed-43bf-84e0-cb36abb3b88c,renewal.mobile,premium,621.2,621.2,high,low,7,spaceship,,,30/09/2026 09:20
af5d50eb-92b0-4fe5-a9fe-6e6be6e3b70a,steak.mobile,premium,310.7,310.7,high,low,5,spaceship,,,30/09/2026 11:53
87c93200-d6a4-416e-b0a6-f26ecbd032e9,belladonna.mobile,premium,780,780,medium,low,10,namecheap,,,21/09/2026 00:55
148b37ca-e1cb-45cc-a060-8a2e18efd900,peregrine.mobile,available,22.98,26.98,medium,low,9,namecheap,,,25/08/2026 02:20
15a70d91-e770-40fd-9e3b-08b03755fe47,bedbug.mobile,available,22.98,26.98,medium,low,6,namecheap,,,22/09/2026 22:45
d42171c5-6a08-4957-bf5f-e4b17b5496f8,hereto.mobile,available,22.98,26.98,medium,low,6,namecheap,,,15/09/2026 00:34
336d3454-230b-4657-abf8-613e37f4a40b,purposely.mobile,available,22.98,26.98,medium,low,9,namecheap,,,13/09/2026 17:36
57a72337-6665-4596-9971-eeafa8b0a5da,observation.mobile,premium,780,780,high,low,11,namecheap,,,02/10/2026 04:26
12afdcad-b8ef-4892-a593-fabe844a4dfa,ent.mobile,premium,2200,2200,high,low,3,dynadot,,,29/09/2026 08:56
a87a832c-1409-4a2a-ba61-a92fd74484a2,brookline.mobile,available,15.73,15.73,medium,low,9,spaceship,,,29/09/2026 10:05
c6ae5a7f-fb9f-4c2c-ba7d-5a100ebb954c,cantonal.mobile,available,22.98,26.98,medium,low,8,namecheap,,,11/08/2026 17:44
848c0d76-8fa2-4d57-bb72-2f90c0ba3c68,bib.mobile,premium,780,780,high,low,3,namecheap,,,23/09/2026 12:42
fedb4bf9-a96e-4a40-80e0-edf649afd589,raconteur.mobile,available,22.98,26.98,high,low,9,namecheap,,,19/09/2026 05:14
a910d382-64cc-42ed-b38f-4f30260e404b,restlessly.mobile,available,22.98,26.98,medium,low,10,namecheap,,,15/09/2026 23:29
3607caee-38f1-426a-8b2f-2869f002b232,becomingly.mobile,available,22.98,26.98,medium,low,10,namecheap,,,13/09/2026 23:45
466a035c-8041-4e29-bba6-056ac59acfb1,retention.mobile,premium,660,660,high,low,9,dynadot,,,01/10/2026 02:38
7cbc0f84-77ef-4ddc-a826-7b1a7fb84e4a,governments.mobile,available,16.27,16.27,low,low,11,dynadot,,,28/09/2026 23:34
0153b463-1c04-4156-85b1-851f45f4d72c,nonfiction.mobile,premium,655.52,655.52,high,low,10,porkbun,,,02/10/2026 11:45
a4823dfd-e189-424b-9476-a61589ab0c77,offerings.mobile,available,22.98,26.98,medium,low,9,namecheap,,,18/09/2026 10:39
b6d27b23-d282-4d1d-9190-9c89d90a3e00,yavapai.mobile,premium,621.2,621.2,high,low,7,spaceship,,,03/10/2026 02:24
58731d8f-6ff5-4876-9db7-88e5fe56badf,albedo.mobile,available,22.98,26.98,high,low,6,namecheap,,,18/09/2026 02:30
230777ed-6d0d-4120-925a-61c89be01b99,ocr.mobile,premium,390,390,high,low,3,namecheap,,,02/10/2026 06:47
50d3fc33-bd5e-4226-8b48-30dca2c776ee,exhaustive.mobile,available,22.98,26.98,medium,low,10,namecheap,,,17/08/2026 17:08
226dded3-55c4-4ad2-bdf3-51de14c23bad,classes.mobile,premium,310.7,310.7,medium,low,7,spaceship,,,27/09/2026 23:47
f3fc3ebd-8e03-4f65-985d-1e0fd5a64627,lxiii.mobile,available,22.98,26.98,medium,low,5,namecheap,,,
be56e1ba-7d89-46f7-8876-37c68c78d57d,announcing.mobile,available,15.73,15.73,medium,low,10,spaceship,,,29/09/2026 05:34
3d152c64-7347-49b2-a1a2-5615e460cfcf,cathectic.mobile,available,22.98,26.98,medium,low,9,namecheap,,,11/08/2026 21:45
f3796aba-04a8-4a69-89bc-851dfaeeb02b,inquire.mobile,premium,660,660,high,low,7,dynadot,,,30/09/2026 19:07
d736298f-a30d-4ef2-b8d2-d20d3987e3bb,cleaver.mobile,premium,310.7,310.7,medium,low,7,spaceship,,,29/09/2026 09:55
14e18a9c-559a-4cab-aa72-b2308795ff6b,polling.mobile,premium,660,660,high,low,7,dynadot,,,01/10/2026 15:51
06eeb156-6a1a-4bca-99df-358f25d7158c,rewards.mobile,premium,390,390,high,low,7,namecheap,,,02/10/2026 11:05
268ef4b5-60be-4ebb-b273-f952d4bb9cd5,elements.mobile,available,16.27,16.27,high,low,8,dynadot,,,28/09/2026 01:50
8667c075-d08c-4d88-ab96-a07903a65090,prismatic.mobile,available,22.98,26.98,high,low,9,namecheap,,,09/09/2026 02:09
879fd26a-2915-4f9a-8944-9263480e0d08,eagles.mobile,premium,310.7,310.7,high,low,6,spaceship,,,28/09/2026 16:13
cb87575c-4cef-4498-a6c4-5a9b09dc09eb,gestapo.mobile,available,15.96,15.96,medium,low,7,porkbun,,,29/09/2026 12:44
1431e193-0c23-4da1-9d14-6533879680c5,stealing.mobile,premium,780,780,medium,low,8,namecheap,,,11/09/2026 13:24
1a39dfba-da94-41b8-b707-27af081937c1,nantes.mobile,available,15.96,15.96,medium,low,6,porkbun,,,28/09/2026 10:30
74d31a5a-0a82-402c-8ecc-691b061d9cd5,debut.mobile,premium,780,780,high,low,5,namecheap,,,24/09/2026 21:09
d9f7709e-8c5c-4496-b606-332d8d8ab50f,consort.mobile,premium,780,780,high,low,7,namecheap,,,16/09/2026 22:56
3f5f4852-aad5-412c-99b8-6db138ea2769,bruised.mobile,available,15.96,15.96,medium,low,7,porkbun,,,30/09/2026 23:32
7cec2d00-0a85-43fd-a888-e7fa749eae93,usf.mobile,premium,310.7,310.7,medium,low,3,spaceship,,,01/10/2026 23:53
a3f476b6-e907-4107-b8ec-eb11538e6987,rains.mobile,available,15.73,15.73,medium,low,5,spaceship,,,28/09/2026 07:33
5031bdcd-b86a-4422-99b2-b4f02de65b2c,pedagogic.mobile,available,22.98,26.98,medium,low,9,namecheap,,,08/09/2026 12:15
b9cc0a82-c940-4450-a0a9-a3d74eccb7ff,sobersided.mobile,available,22.98,26.98,high,medium,10,namecheap,,,10/09/2026 13:07
c5a06745-1ccd-4cda-92c4-c433eac2fe33,chillicothe.mobile,available,15.73,15.73,medium,low,11,spaceship,,,01/10/2026 12:11
d4666c59-7107-4cc7-9c34-20bff6b1509c,atelier.mobile,premium,780,780,high,medium,7,namecheap,,,20/09/2026 11:53
2140267e-092e-4c33-95d2-692d2bc26444,intestines.mobile,available,15.73,15.73,low,low,10,spaceship,,,30/09/2026 22:51
c67f9ef4-0739-4b28-82be-d6a64ab4b519,malden.mobile,available,16.27,16.27,medium,low,6,dynadot,,,29/09/2026 15:07
36e91980-11c4-45ec-a79b-6c10c78e05ba,orderly.mobile,premium,780,780,high,low,7,namecheap,,,03/09/2026 14:34
f43bbc84-b4f2-4b58-84d7-6e839813605a,edgewood.mobile,available,15.73,15.73,medium,low,8,spaceship,,,30/09/2026 22:16
1b7609d6-98f2-43a2-9636-5d8a0a5f37ee,illusional.mobile,available,22.98,26.98,medium,low,10,namecheap,,,21/08/2026 20:11
49fffe74-97d9-480b-bc59-10c306b9b2fe,vagrant.mobile,available,22.98,26.98,high,low,7,namecheap,,,14/08/2026 19:18
7a868081-39c0-4d00-a10e-6d6f14203d90,furnished.mobile,available,22.98,26.98,high,low,9,namecheap,,,18/08/2026 18:50
937e0429-6f12-4a67-a7c3-9438c0fd7b16,denny.mobile,available,22.98,26.98,high,low,5,namecheap,,,25/09/2026 15:22
1e5ff785-25ee-4ee0-ae86-22d6684ed0bf,fierce.mobile,premium,390,390,high,low,6,namecheap,,,23/09/2026 01:48
a96f7ab5-e8b5-42c4-87c6-27bad952cac9,cadmium.mobile,available,22.98,26.98,high,low,7,namecheap,,,11/08/2026 22:59
06dbf69a-3388-4fe0-85d9-516eeb1c2fde,maladroit.mobile,available,22.98,26.98,medium,low,9,namecheap,,,24/08/2026 13:35
c00f880c-9b0d-4b40-9825-997745743f49,navarre.mobile,available,15.73,15.73,medium,low,7,spaceship,,,27/09/2026 19:38
11a4cbb3-bad9-47d3-9547-9cefec8fd4b3,enlivening.mobile,available,22.98,26.98,medium,low,10,namecheap,,,
040fff2c-e6b1-4e2b-b6e2-1bd9a1c96e0e,bookish.mobile,available,22.98,26.98,high,low,7,namecheap,,,10/08/2026 19:09
108c1ea7-7298-4ef1-a7e4-8c0a0b4e6383,eastman.mobile,premium,621.2,621.2,high,medium,7,spaceship,,,30/09/2026 09:28
5928d1ea-142d-48f9-bc6f-e3a4afea1ff3,bleach.mobile,premium,390,390,high,low,6,namecheap,,,24/09/2026 03:49
41b235d7-86a4-4910-bb38-723b99d08b6c,accomplish.mobile,premium,621.2,621.2,high,low,10,spaceship,,,28/09/2026 06:55
05681cc3-373d-4096-b274-1e05049079f9,argal.mobile,available,22.98,26.98,medium,low,5,namecheap,,,20/09/2026 04:10
905efa5a-7b33-4eca-9b78-e8be2f0fb875,shanahan.mobile,available,16.27,16.27,medium,low,8,dynadot,,,02/10/2026 12:38
ab9ae29a-2152-4649-b500-fbb91fe94b3e,boeing.mobile,premium,1035.2,1035.2,high,low,6,spaceship,,,30/09/2026 20:16
4d145370-707a-434d-ab86-8a607be37317,hock.mobile,available,22.98,26.98,high,low,4,namecheap,,,09/09/2026 16:33
ee0ba547-205a-4751-bf8a-ff6e55ae558d,unmannered.mobile,available,22.98,26.98,low,low,10,namecheap,,,08/08/2026 07:28
4011a9ad-92d7-4232-b219-e3f97f4869fb,dryer.mobile,premium,621.2,621.2,medium,low,5,spaceship,,,29/09/2026 18:42
2edd3cf2-b02d-4c0d-ba57-efc4bfc8059b,alf.mobile,premium,655.52,655.52,high,low,3,porkbun,,,01/10/2026 22:35
9af8223f-c16b-4afd-8dea-f1930abca2e0,sigmoid.mobile,available,22.98,26.98,high,medium,7,namecheap,,,10/09/2026 07:58
dccd0c3d-f1d5-4f6e-bb7d-b89ca5db3852,pout.mobile,available,22.98,26.98,medium,low,4,namecheap,,,18/09/2026 18:12
4847f4df-8f0c-481c-9982-11bf2337ec4d,transactions.mobile,available,16.27,16.27,high,low,12,dynadot,,,29/09/2026 02:35
5a2074a6-08e5-4b31-ad9b-47e584a9e1b2,skim.mobile,premium,390,390,high,low,4,namecheap,,,10/09/2026 09:32
662a6313-a24b-4b28-8866-0159fda7dc37,wooded.mobile,available,22.98,26.98,high,low,6,namecheap,,,13/09/2026 13:11
cfdff6c8-c785-4a70-a5f1-15ef7ad40931,angioma.mobile,available,22.98,26.98,medium,low,7,namecheap,,,19/09/2026 06:14
64773df9-8255-4be8-807e-8f7d71735dab,viability.mobile,premium,655.52,655.52,high,low,9,porkbun,,,02/10/2026 17:04
426f382f-a720-453a-8cfa-6f54d005918b,clonal.mobile,available,22.98,26.98,medium,low,6,namecheap,,,12/08/2026 12:01
1f578bd0-f222-4e3b-b793-b3b49e216a5c,equivalent.mobile,premium,780,780,high,low,10,namecheap,,,24/09/2026 14:50
72729d9f-d3ac-42a9-9c6e-2f899d9bcd3d,slump.mobile,premium,328.02,328.02,medium,low,5,porkbun,,,30/09/2026 09:25
61fffc35-22d1-443b-890c-130f74997835,unlearned.mobile,available,22.98,26.98,medium,low,9,namecheap,,,21/08/2026 18:31
05687467-7bea-46e4-982d-3a14728b6315,illyrian.mobile,available,16.27,16.27,medium,low,8,dynadot,,,02/10/2026 05:23
d865247e-30b6-4702-b5ca-fcaf6ed7717a,drummer.mobile,premium,780,780,medium,low,7,namecheap,,,28/09/2026 09:32
e59e5589-e578-4f18-b0b4-89129c98f212,axseed.mobile,available,22.98,26.98,medium,low,6,namecheap,,,21/09/2026 10:31
d603726b-d615-4f09-93c0-60da20207f5d,arid.mobile,premium,375,375,medium,low,4,name.com,,,06/08/2026 18:58
74f3b0a7-cbfb-4186-9303-c938211cf7ce,hanoverian.mobile,available,22.98,26.98,medium,low,10,namecheap,,,20/08/2026 23:44
f084f5b9-e63b-49ba-bd60-496f60edae78,scrunch.mobile,available,22.98,26.98,medium,low,7,namecheap,,,13/08/2026 07:18
b5e8b5f5-03ba-4da3-9d82-a473927fb94e,disagreement.mobile,premium,780,780,medium,low,12,namecheap,,,29/09/2026 10:22
0cb3311d-f1bf-49ce-add3-f27464109d1d,ric.mobile,premium,2183.84,2183.84,medium,low,3,porkbun,,,28/09/2026 15:49
99ed7208-dcb4-4202-8eb7-c53b51066d9c,creatively.mobile,available,15.73,15.73,medium,low,10,spaceship,,,28/09/2026 14:25
6270dc3d-7c74-401e-b07c-9249bf6cab86,velocities.mobile,premium,780,780,medium,low,10,namecheap,,,18/09/2026 19:40
73f69be8-7414-4434-8e36-0e48704428dc,abuzz.mobile,available,22.98,26.98,medium,low,5,namecheap,,,
211acaf6-c446-4f28-9512-84de2c4e2ad0,simulator.mobile,available,16.27,16.27,high,low,9,dynadot,,,30/09/2026 11:02
9513c234-d0f0-457c-98cc-824d2716d1d7,altruistic.mobile,available,22.98,26.98,high,low,10,namecheap,,,22/09/2026 02:48
5e5ed1e4-0f73-4045-b96d-a8f203b2f056,beckett.mobile,available,29.99,29.99,high,low,7,name.com,,,22/09/2026 22:39
1f7797ea-fb90-4233-a62a-adf7cdc9a090,undyed.mobile,available,22.98,26.98,medium,low,6,namecheap,,,12/09/2026 02:08
3df859e0-4da2-4eb2-9b6d-f7cf8352a108,bodily.mobile,premium,1250,1250,medium,low,6,name.com,,,10/08/2026 16:52
ec296cfe-bf0b-4c3d-ad39-33664831ffca,nadia.mobile,available,16.27,16.27,medium,low,5,dynadot,,,28/09/2026 22:03
b31abe22-3f29-426c-a914-63808aef8467,crumbling.mobile,available,22.98,26.98,medium,low,9,namecheap,,,03/10/2026 03:03
ab2dc19a-d0f6-414a-8136-8b91e3a93ce9,torque.mobile,premium,310.7,310.7,high,low,6,spaceship,,,01/10/2026 21:57
6197c0bc-6c37-4fd8-abe7-d155a2c38dc1,rowell.mobile,premium,621.2,621.2,medium,low,6,spaceship,,,01/10/2026 11:02
d30c5d21-4156-42bb-b3d2-a3f69b9e74ca,take.mobile,premium,310.7,310.7,high,low,4,spaceship,,,27/09/2026 19:44
0772c23d-58e1-4d2a-b146-44ffb44c6480,jolty.mobile,available,22.98,26.98,medium,low,5,namecheap,,,11/08/2026 09:50
849c1237-9285-4124-8194-f2204fe059c0,xcii.mobile,available,22.98,26.98,medium,low,4,namecheap,,,
e552792b-b263-42af-bb3a-af2fe08065c0,walmart.mobile,premium,655.52,655.52,high,high,7,porkbun,,,02/10/2026 06:40
937316cc-04af-402d-998c-524bd56f8c31,weathered.mobile,available,22.98,26.98,medium,low,9,namecheap,,,13/09/2026 09:21
a963fbd2-5985-4260-92d0-0524f2ea52d7,walsh.mobile,premium,310.7,310.7,medium,low,5,spaceship,,,28/09/2026 08:52
a32dac37-2062-4371-84bf-e75984933e12,screams.mobile,available,15.73,15.73,medium,low,7,spaceship,,,28/09/2026 00:29
3da18165-3c07-4dd1-b57e-15156b603a9d,edgy.mobile,premium,375,375,high,low,4,name.com,,,15/08/2026 08:39
61c150fd-c0e9-4a49-8ae5-9c2b20f60c74,asserted.mobile,available,22.98,26.98,medium,low,8,namecheap,,,07/08/2026 05:54
b6b4a840-be12-4f5b-9d88-fa2f67984276,moment.mobile,premium,780,780,high,low,6,namecheap,,,29/09/2026 22:41
34cf9183-d800-4cf5-b131-d3e510ae118a,expression.mobile,premium,621.2,621.2,high,low,10,spaceship,,,29/09/2026 18:43
27e44305-1913-40ab-9e8e-81d18edde6a7,ibadan.mobile,available,15.96,15.96,medium,low,6,porkbun,,,30/09/2026 01:55
3a08f2b7-98df-44dd-900c-48ad04281272,tartaric.mobile,available,22.98,26.98,medium,low,8,namecheap,,,11/09/2026 08:48
fc1574b7-cac1-444b-8487-22ff1352da51,family.mobile,premium,390,390,high,medium,6,namecheap,,,25/09/2026 12:40
13dec647-c252-4ae8-8ea7-bc1f86458a33,blinking.mobile,premium,780,780,high,low,8,namecheap,,,22/09/2026 21:58
012b0524-523d-4461-b004-d29b768d0905,apocynum.mobile,available,22.98,26.98,medium,low,8,namecheap,,,19/09/2026 18:15
1952a428-614c-425e-b3f3-c3ec2111ad6e,intimate.mobile,premium,780,780,high,low,8,namecheap,,,25/09/2026 10:27
7d1ff4ac-dc3a-4a08-943f-dc55b775449e,landon.mobile,available,16.27,16.27,medium,low,6,dynadot,,,28/09/2026 22:03
dd2b37b4-1980-4edd-ade3-c583a2453316,steady.mobile,premium,390,390,high,low,6,namecheap,,,24/09/2026 18:34
c2973b72-6a45-405c-867a-325b563e3ac5,crownless.mobile,available,22.98,26.98,medium,low,9,namecheap,,,13/08/2026 08:38
ccd346b3-42c4-4595-b51b-4419c309b467,tac.mobile,premium,2600,2600,high,low,3,namecheap,,,28/09/2026 23:09
8ad6348d-e11f-4f95-b3f4-fa02f1293c45,wausau.mobile,available,15.73,15.73,medium,low,6,spaceship,,,01/10/2026 22:03
34ec8d08-2892-40c0-b45e-e87d5c3c7860,abeyant.mobile,premium,750,750,medium,low,7,name.com,,,
2b3af27c-a693-4095-a51d-5e3dca270435,eighty.mobile,available,22.98,26.98,high,low,6,namecheap,,,
bcb162f9-449d-4200-9c46-c1369ed39107,sentiment.mobile,premium,621.2,621.2,high,low,9,spaceship,,,28/09/2026 15:00
506ebbb4-55d8-4d93-a593-899ea915264c,cancel.mobile,premium,310.7,310.7,medium,low,6,spaceship,,,29/09/2026 06:25
7b70b4e9-2515-45c1-b632-2ad047b20f31,acanthion.mobile,available,22.98,26.98,medium,low,9,namecheap,,,16/09/2026 20:39
7233dafd-6495-4b9f-a923-d712ff0153ba,prohibit.mobile,premium,660,660,high,low,8,dynadot,,,30/09/2026 10:37
18903667-6192-41a7-b665-429db79d977f,spleen.mobile,premium,328.02,328.02,high,low,6,porkbun,,,30/09/2026 02:01
7ed8953e-1419-4698-8945-07fafc605c78,atomic.mobile,premium,375,375,high,medium,6,name.com,,,22/09/2026 11:03
19fd8a82-4857-4112-8bc2-b5942fe3b4f7,gazing.mobile,premium,621.2,621.2,high,low,6,spaceship,,,01/10/2026 22:38
2f8e3d8a-2cc2-4713-827b-e7c9b5311640,disbelief.mobile,premium,780,780,high,low,9,namecheap,,,24/09/2026 22:29
4ad34994-1417-4972-93a6-830214b5a28b,gogh.mobile,available,15.73,15.73,medium,low,4,spaceship,,,28/09/2026 19:21
99edf3b0-40dc-4da5-929c-076af94135cb,cradle.mobile,premium,780,780,high,low,6,namecheap,,,29/09/2026 06:28
cf25c8fa-268c-4afb-9def-9489c8ee23cc,firmly.mobile,premium,780,780,high,low,6,namecheap,,,19/09/2026 17:07
2674eb5e-3570-40a7-951c-c76a39ff39bb,similitude.mobile,available,22.98,26.98,medium,low,10,namecheap,,,18/09/2026 07:51
874ca335-93f0-4ff4-bb8b-ce96cc4110e1,daphne.mobile,available,22.98,26.98,high,low,6,namecheap,,,27/09/2026 12:56
0f43b54d-c4e9-481d-a538-78282df3a754,avaram.mobile,available,22.98,26.98,medium,low,6,namecheap,,,21/09/2026 08:40
fdd83d51-0702-4452-9f89-2ef38633ef5a,puppy.mobile,premium,310.7,310.7,high,low,5,spaceship,,,27/09/2026 15:27
920f7f87-7d52-4d6c-bb38-45ff069871fd,elmira.mobile,premium,621.2,621.2,medium,low,6,spaceship,,,28/09/2026 16:42
0828e948-afea-435b-8caa-a81adad8c08e,symbols.mobile,premium,621.2,621.2,medium,low,7,spaceship,,,29/09/2026 04:46
c5fe1383-eb2c-4747-afd8-af1e32d6a6af,aesir.mobile,available,22.98,26.98,medium,low,5,namecheap,,,17/09/2026 13:23
370150eb-acb0-4a0f-be08-ed63dec3d1a4,secularism.mobile,available,16.27,16.27,high,low,10,dynadot,,,03/10/2026 02:04
afd61e5c-af09-4b3a-8cf9-66be14082ff1,sys.mobile,premium,310.7,310.7,high,low,3,spaceship,,,30/09/2026 14:33
3033cc9e-15ce-4af5-b6e0-442e2009d41e,cultivate.mobile,premium,621.2,621.2,high,low,9,spaceship,,,29/09/2026 14:11
07516cad-2d63-4485-9f97-c8ae1065420a,seventh.mobile,available,22.98,26.98,high,low,7,namecheap,,,
14299ea2-25a9-4f9f-baf4-06688bc22be9,hard.mobile,premium,375,375,high,low,4,name.com,,,06/08/2026 16:55
3ac2582a-ea1d-40f4-b3a1-d0bf98df96af,pluto.mobile,premium,390,390,high,low,5,namecheap,,,17/09/2026 20:47
9b2838aa-069b-46d4-aca9-de48b9b71124,aleve.mobile,available,22.98,26.98,medium,low,5,namecheap,,,17/09/2026 15:07
6bda36f2-4f33-4d61-a6e3-975ca2f69310,membrane.mobile,premium,621.2,621.2,high,low,8,spaceship,,,29/09/2026 07:36
7a787796-927f-4fb1-a033-865bcabbf6d1,deficiency.mobile,available,15.73,15.73,medium,low,10,spaceship,,,29/09/2026 18:36
71dbebc7-e004-4808-a542-7f7a57b459d6,weirdness.mobile,available,22.98,26.98,medium,low,9,namecheap,,,23/09/2026 23:18
4204c704-faae-4b62-b64a-04a4a6a3aab9,ghastly.mobile,premium,750,750,medium,low,7,name.com,,,12/08/2026 02:39
75ff8683-1268-412f-a803-7160230147c2,stagy.mobile,available,22.98,26.98,medium,low,5,namecheap,,,10/09/2026 18:04
3bc04ef0-5bf2-437f-a839-eb298dd138fa,quantized.mobile,available,22.98,26.98,medium,low,9,namecheap,,,09/09/2026 07:30
c42b85fb-721d-4377-84a5-198f71cd14d0,borodin.mobile,available,22.98,26.98,high,low,7,namecheap,,,18/09/2026 05:02
91a70740-0c28-4fd4-87d5-e6648910a053,kearney.mobile,available,15.73,15.73,high,low,7,spaceship,,,28/09/2026 04:09
3f614c83-b4b6-4214-b88b-6cbd2107af6d,achene.mobile,available,22.98,26.98,medium,low,6,namecheap,,,17/09/2026 00:28
ea6a05d5-f92f-4fc5-a76d-e6f6b1e3cac7,upjohn.mobile,available,22.98,26.98,high,medium,6,namecheap,,,02/10/2026 16:38
119cf4a5-b491-4db8-8c57-07be08cd230c,intermediate.mobile,premium,621.2,621.2,high,low,12,spaceship,,,30/09/2026 11:48
e6c49079-ad88-438a-9dfc-7cf05025782b,informer.mobile,available,22.98,26.98,medium,low,8,namecheap,,,23/09/2026 11:26
8ba04c41-7420-4b3c-9548-9fa149a9f0bd,sesotho.mobile,available,22.98,26.98,medium,low,7,namecheap,,,22/09/2026 13:00
597a5cc2-a8ad-4bbf-aa53-0f3dce7c3fb8,scary.mobile,premium,218.75,218.75,high,low,5,name.com,,,12/08/2026 05:23
68e2c605-d870-4e4f-8f28-1bebab0cf289,wisent.mobile,available,22.98,26.98,medium,low,6,namecheap,,,21/09/2026 04:34
bb1f06d8-045c-4423-8bb9-3d9eee4c93ea,disturbing.mobile,premium,750,750,medium,low,10,name.com,,,14/08/2026 13:16
3cbd52e8-9d30-455d-bfb5-27296e5b2067,doherty.mobile,available,15.96,15.96,medium,low,7,porkbun,,,28/09/2026 04:19
d5c30939-e531-4981-a4c1-c493fb37270a,banister.mobile,available,22.98,26.98,medium,low,8,namecheap,,,22/09/2026 00:28
59cd9b85-329f-41a8-8ab4-8d4852aa47d3,stripping.mobile,premium,2600,2600,medium,low,9,namecheap,,,22/09/2026 05:59
dc0b6476-aee8-46d2-997b-e2053be26669,bruce.mobile,available,15.73,15.73,high,low,5,spaceship,,,29/09/2026 04:43
83a6c253-b76f-440e-bcb6-0174d5866f0f,dared.mobile,available,15.73,15.73,medium,low,5,spaceship,,,29/09/2026 16:49
62a04c51-facf-4381-8ed2-7bcfea392756,paxton.mobile,premium,621.2,621.2,medium,low,6,spaceship,,,28/09/2026 14:39
dfc38de5-aecf-4103-9944-fcffd30b079c,schoolmaster.mobile,available,22.98,26.98,high,low,12,namecheap,,,02/10/2026 07:19
4e60581a-4d0d-4360-b888-99918abee33b,schoolbook.mobile,available,22.98,26.98,medium,low,11,namecheap,,,19/09/2026 07:03
b4257ce7-e7b7-49c4-8c45-5ee05c8989f3,grin.mobile,premium,310.7,310.7,high,low,4,spaceship,,,27/09/2026 23:08
e0a91deb-5cda-4cb2-9446-15e9098cf41a,cheetah.mobile,premium,390,390,high,low,7,namecheap,,,17/09/2026 01:33
b922f2ef-d7da-47a3-b47e-eb7ddaba2436,ideological.mobile,premium,780,780,medium,low,11,namecheap,,,02/10/2026 07:10
4c603563-5d53-4d0a-87c3-a3d495112311,consoling.mobile,available,22.98,26.98,high,low,9,namecheap,,,12/08/2026 22:42
ce67a835-e6cf-41c3-b2eb-8d7e1614c85c,joyous.mobile,premium,375,375,high,low,6,name.com,,,22/08/2026 14:06
65843cf7-4360-4d35-9218-56032e561482,occupier.mobile,available,22.98,26.98,high,low,8,namecheap,,,09/09/2026 14:58
58105312-2b22-477b-b2a2-8c4bd713a5fc,aarhus.mobile,available,22.98,26.98,medium,low,6,namecheap,,,16/09/2026 13:27
323f15b8-ea7e-4fd6-938e-dc42bd289216,roving.mobile,available,22.98,26.98,high,low,6,namecheap,,,25/08/2026 02:22
3d90c304-60d5-4790-8d81-3c8104696818,benison.mobile,available,22.98,26.98,medium,low,7,namecheap,,,23/09/2026 08:11
389be48c-0186-4fd4-b052-8f9e7584251c,chisel.mobile,available,15.73,15.73,high,low,6,spaceship,,,02/10/2026 23:58
5ee2d95e-3720-4a09-ac90-b88d52014357,batu.mobile,premium,328.02,328.02,medium,low,4,porkbun,,,02/10/2026 18:53
446980ca-57bf-4f6e-8aef-4f43d37b98c6,dickey.mobile,available,22.98,26.98,medium,low,6,namecheap,,,14/08/2026 06:29
a38e7dcb-add0-436e-b97b-72eb9511b618,scag.mobile,premium,390,390,medium,low,4,namecheap,,,23/09/2026 14:40
b1fa3e1a-cdc4-49ca-9cff-42c7f28bc05e,amends.mobile,premium,390,390,high,low,6,namecheap,,,18/09/2026 18:41
5498cd96-00e7-49b0-9ae2-88d72fdc6af1,cynthia.mobile,premium,780,780,high,low,7,namecheap,,,20/09/2026 10:13
dcafb88f-45cb-447a-98ad-74efd64364f6,storm.mobile,premium,390,390,high,medium,5,namecheap,,,25/09/2026 10:14
1ec12a2f-2df2-4284-b336-99b48ad1404a,rufous.mobile,available,22.98,26.98,high,low,6,namecheap,,,29/09/2026 22:57
b880378c-cd5d-4c6f-9f7a-401c33ed587f,reentrant.mobile,available,22.98,26.98,medium,low,10,namecheap,,,09/09/2026 10:51
92a78bb5-1ec7-473d-9ad1-2e9282277fe8,withdraw.mobile,premium,780,780,high,low,8,namecheap,,,24/09/2026 19:10
84e6b0f6-98d1-4730-98d8-057d1b70372e,part.mobile,premium,390,390,high,low,4,namecheap,,,15/09/2026 19:03
fd805be0-fdc1-4238-9f6e-a403ca121892,chops.mobile,available,16.27,16.27,high,low,5,dynadot,,,30/09/2026 03:46
02c2c9e2-616a-4b3a-9691-cc5f188d6575,dealt.mobile,available,15.73,15.73,medium,low,5,spaceship,,,28/09/2026 08:17
546917b1-178e-4092-99dc-2d7dfe240b17,banff.mobile,premium,390,390,medium,low,5,namecheap,,,22/09/2026 01:44
b4cd5e53-a8f2-4519-8d68-e2e07202b899,smuggler.mobile,available,15.96,15.96,medium,low,8,porkbun,,,03/10/2026 00:10
4efea187-4465-4646-ad04-9f63068b6719,impostor.mobile,available,22.98,26.98,medium,low,8,namecheap,,,09/09/2026 04:59
f1db599d-29c4-4a34-8e16-cafb0acae1f0,bain.mobile,available,15.96,15.96,high,low,4,porkbun,,,28/09/2026 07:18
b50bc80f-b718-44c9-a275-cb96e76c1a18,silvertip.mobile,premium,750,750,medium,low,9,name.com,,,20/08/2026 20:13
ba7f8238-13f7-45c4-beef-b82c5877f64f,hindoo.mobile,available,22.98,26.98,medium,low,6,namecheap,,,21/08/2026 09:33
d5a6d807-0ba8-4293-bef0-d4733d635985,alcoholic.mobile,premium,375,375,high,low,9,name.com,,,
cc2ff7dc-2e2a-4dd8-8787-7f158e29d90d,stand.mobile,premium,330,330,high,low,5,dynadot,,,29/09/2026 00:58
0b9edbea-2c9c-4d2f-a7df-43e06b6c98b0,ernestine.mobile,available,15.73,15.73,medium,low,9,spaceship,,,02/10/2026 19:48
77bdfb2e-8aff-401e-872c-2aa8916e6fd2,kari.mobile,premium,310.7,310.7,medium,low,4,spaceship,,,30/09/2026 13:17
c56940ad-1af6-4b39-8b86-5bcd5c63e4cf,haversack.mobile,available,22.98,26.98,high,low,9,namecheap,,,21/09/2026 14:43
7b17142e-862b-46cd-9734-791170b2dfa9,recapture.mobile,available,15.73,15.73,high,low,9,spaceship,,,30/09/2026 10:57
3f951e94-e73e-4e28-bdb5-b79ed28c3515,blahs.mobile,available,22.98,26.98,medium,low,5,namecheap,,,24/09/2026 03:42
0c637641-079f-483f-bfe5-27780776dc33,rome.mobile,premium,390,390,high,low,4,namecheap,,,25/09/2026 03:56
8ab92324-d54f-427c-8961-282f33674b28,sued.mobile,available,15.73,15.73,medium,low,4,spaceship,,,02/10/2026 23:21
d48177c4-b972-4c3b-a38f-5af46a6edede,converting.mobile,premium,621.2,621.2,medium,low,10,spaceship,,,29/09/2026 23:06
00aaa0c0-96b8-46d5-aa75-742471d604b2,cosmologic.mobile,available,22.98,26.98,medium,low,10,namecheap,,,13/08/2026 02:56
420f2352-b8be-40fc-b8c1-1c52cb5180a9,atrial.mobile,available,22.98,26.98,medium,low,6,namecheap,,,07/08/2026 14:24
545d5771-a8d8-4054-80cf-14bef4a4d588,skinner.mobile,premium,780,780,high,low,7,namecheap,,,21/09/2026 11:52
9590c3f0-fee7-4129-8668-8f274bcc7faa,lied.mobile,premium,52,52,high,low,4,namecheap,,,25/09/2026 08:58
1d129c84-3adf-4021-a670-86b9ecfd2dd7,cuvier.mobile,available,29.99,29.99,high,low,6,name.com,,,22/09/2026 07:06
07f0cd6f-3ddc-4e22-8ba4-59ce83fa2e7b,crooked.mobile,premium,375,375,medium,low,7,name.com,,,13/08/2026 07:51
084cb11c-6643-4bdc-a35b-bf52a19c4b53,didactic.mobile,available,22.98,26.98,high,low,8,namecheap,,,14/08/2026 06:41
c986ea23-a33a-4a3a-b410-4aae1c457a21,divorce.mobile,premium,750,750,medium,low,7,name.com,,,14/08/2026 11:12
3b5023ed-6a85-4dcb-a302-4b709a4d4549,furman.mobile,available,22.98,26.98,medium,low,6,namecheap,,,29/09/2026 04:35
01cde6e4-bdcd-4982-84a9-29d2b6bfca46,neodymium.mobile,available,22.98,26.98,medium,low,9,namecheap,,,20/09/2026 23:22
12178afb-7646-47ed-8d2e-05c904d3d8b5,digest.mobile,premium,780,780,high,low,6,namecheap,,,24/09/2026 10:44
d0f42f46-5270-456a-9ca7-a95f90ff2f08,simplicity.mobile,premium,310.7,310.7,high,low,10,spaceship,,,29/09/2026 08:19
afeb5e8b-73e9-4e48-89f4-6e28c862169f,conner.mobile,premium,621.2,621.2,high,low,6,spaceship,,,02/10/2026 06:52
88fdf3a8-32c7-46db-b1a4-980d2f683110,underwater.mobile,premium,780,780,medium,low,11,namecheap,,,16/09/2026 17:58
c54a49c6-b36c-4d1e-b4c0-4a63cb37f4bb,activewear.mobile,premium,1300,1300,high,low,10,namecheap,,,17/09/2026 05:14
d8ff1ce0-649d-4965-9efa-7dc04f230996,worked.mobile,available,26.98,,high,low,6,namecheap,,,
78902bc5-ca57-4fd9-9c4f-ca9f32dfabe7,crest.mobile,premium,83,83,high,low,5,spaceship,,,28/09/2026 18:32
465bc65c-9173-4ad9-bbf7-00d139d7b4bf,smaller.mobile,premium,621.2,621.2,high,low,7,spaceship,,,02/10/2026 14:08
acf39036-0bd3-41eb-92e5-55f21dc6b0c3,forgotten.mobile,premium,750,750,high,low,9,name.com,,,14/08/2026 12:18
8fd7ddbc-e9e8-46d4-b80d-25252722e866,inscription.mobile,available,15.73,15.73,high,low,11,spaceship,,,29/09/2026 15:57
c82594a8-6da2-485d-afc2-2789fb61e6a4,paediatric.mobile,available,22.98,26.98,medium,low,10,namecheap,,,04/09/2026 22:51
dcd96c9b-38ef-4a58-aee2-1126ece91ac2,miki.mobile,available,16.27,16.27,high,low,4,dynadot,,,02/10/2026 04:00
6e0a9cd1-ff94-456b-a1d4-53276ed7183b,ballads.mobile,available,22.98,26.98,medium,low,7,namecheap,,,02/10/2026 13:40
86237806-3060-47cf-b432-5971b8fd14d9,kingpin.mobile,available,22.98,26.98,high,low,7,namecheap,,,23/09/2026 15:25
c9329b35-d8d0-4944-9722-225a2413178f,sentential.mobile,available,22.98,26.98,medium,low,10,namecheap,,,10/09/2026 03:50
6fa97961-5781-4f30-a05d-1e6fca9ba357,textbooks.mobile,available,15.73,15.73,medium,low,9,spaceship,,,30/09/2026 16:14
ecd8aa7b-285b-4908-93fd-d95cdbc49f4d,balinese.mobile,available,22.98,26.98,high,low,8,namecheap,,,21/09/2026 22:03
a8541afa-c8dc-443e-ba93-5f109cff09fa,digging.mobile,premium,660,660,high,low,7,dynadot,,,27/09/2026 13:02
e626f0e1-fe94-4f0e-b33f-e58495821d99,besom.mobile,available,22.98,26.98,medium,low,5,namecheap,,,23/09/2026 10:25
135b8de1-55f9-42a9-bc32-86b6748ea51c,impose.mobile,premium,621.2,621.2,medium,low,6,spaceship,,,28/09/2026 10:13
53bbe536-bbed-49da-bb76-a1991c25bb50,prosecute.mobile,premium,660,660,high,low,9,dynadot,,,29/09/2026 20:42
57c1ed12-fe2f-4213-b608-df72c194e91b,weinberg.mobile,available,15.73,15.73,medium,low,8,spaceship,,,28/09/2026 10:58
34f5156c-271c-48dd-a69d-3e4c89ef74a4,status.mobile,premium,390,390,high,medium,6,namecheap,,,29/09/2026 10:39
f1cdeac5-1525-4d02-b0bf-c8c167c5db8b,stronger.mobile,available,26.98,,high,low,8,namecheap,,,
7c987e46-b104-4f17-b27f-9a1f5de4e418,jarvis.mobile,premium,390,390,high,medium,6,namecheap,,,27/09/2026 01:43
3e88fc7d-e906-43d6-b4fd-a7661f7ff7e2,gabe.mobile,available,16.27,16.27,high,low,4,dynadot,,,29/09/2026 09:24
073f461e-70f8-4c40-8bdc-4c99cbc64a53,unwavering.mobile,premium,750,750,high,low,10,name.com,,,18/08/2026 05:12
6ba63688-9500-4435-91b4-6ca9402ede4f,income.mobile,premium,621.2,621.2,high,low,6,spaceship,,,29/09/2026 23:55
b9ac8cb3-6d6a-4c2b-ad87-535504d53a6c,consultive.mobile,available,22.98,26.98,medium,low,10,namecheap,,,
b3c018f9-1cfa-47e7-a1e9-c705a8a30cda,pha.mobile,premium,310.7,310.7,medium,low,3,spaceship,,,29/09/2026 21:39
e20e1fd6-fa89-4731-a7a4-3ca21a4c2ba8,gripe.mobile,available,22.98,26.98,high,low,5,namecheap,,,23/09/2026 00:19
e36eee84-1579-4f27-b36d-7a37edd5bcc4,isaiah.mobile,available,22.98,26.98,high,low,6,namecheap,,,24/09/2026 06:53
aa3e1746-1ea2-4555-8dd2-9eb128d296cf,cecil.mobile,premium,1035.2,1035.2,high,low,5,spaceship,,,29/09/2026 09:15
8becfed9-60c3-432d-a89c-a6ac2606ba2e,hinder.mobile,premium,780,780,high,low,6,namecheap,,,24/09/2026 23:48
c917a420-78c3-43ca-a274-6f9fa2883a2d,roddy.mobile,available,16.27,16.27,medium,low,5,dynadot,,,30/09/2026 20:26
023b98fd-718a-4321-a41c-10bd76b20ce7,temporary.mobile,premium,780,780,high,low,9,namecheap,,,25/09/2026 07:53
c671a3b6-258e-4076-8926-5eaa44ca6211,vibration.mobile,premium,1300,1300,high,low,9,namecheap,,,19/09/2026 17:28
960eafa1-0e7b-4a8d-9c6e-bc187bc2f767,intercepted.mobile,available,22.98,26.98,medium,low,11,namecheap,,,28/09/2026 23:49
011e6ffd-be5c-4cda-b9aa-7ab9f7956a2c,anchored.mobile,available,15.73,15.73,high,low,8,spaceship,,,30/09/2026 06:40
45a87180-72a0-45f7-8520-b4afef54e962,aeronautic.mobile,available,22.98,26.98,high,low,10,namecheap,,,
62229d35-1082-4ae5-8b53-eccac31a6919,frye.mobile,available,15.96,15.96,medium,low,4,porkbun,,,28/09/2026 19:16
43a8a0e6-7d0e-41f4-bf4d-57e642068a93,clippers.mobile,available,15.73,15.73,high,medium,8,spaceship,,,02/10/2026 22:42
97077410-9baa-4db6-bb18-22c4e362d8d0,lieutenants.mobile,available,15.73,15.73,low,low,11,spaceship,,,01/10/2026 17:56
f09c7795-5ae2-4d5c-b1cc-8eb75b73929e,inharmonic.mobile,available,22.98,26.98,low,low,10,namecheap,,,14/08/2026 10:54
80c938f8-b5f2-4de1-ac93-55be2c0418de,sums.mobile,available,22.98,26.98,medium,low,4,namecheap,,,18/09/2026 07:08
e170f98d-5e4c-4c52-824b-83a5ea950e1a,flashing.mobile,premium,780,780,medium,low,8,namecheap,,,28/09/2026 19:14
32695eb6-7fc9-448c-ac81-43541a8bef33,bosky.mobile,available,22.98,26.98,medium,low,5,namecheap,,,10/08/2026 20:17
9ec90a86-2a9c-42ed-9891-37386655e40c,skylab.mobile,available,15.73,15.73,high,low,6,spaceship,,,02/10/2026 06:25
abc829bb-2a31-4987-a87f-d97a62c343d0,unsound.mobile,available,22.98,26.98,medium,low,7,namecheap,,,24/09/2026 16:24
0a1a5846-7e1e-4847-8507-757cb8cbb23c,xxxiv.mobile,available,22.98,26.98,medium,low,5,namecheap,,,
d6041088-5770-4bed-94ae-582d8b456ecb,sulawesi.mobile,available,15.73,15.73,medium,low,8,spaceship,,,30/09/2026 01:01
7b3dfd99-01c1-4c23-9558-94aace9ccc9d,sweetener.mobile,available,22.98,26.98,high,low,9,namecheap,,,21/09/2026 19:45
fbf58d84-7774-4b98-86ba-6c1f5a62b317,kid.mobile,premium,390,390,high,low,3,namecheap,,,25/09/2026 12:09
e5cd842e-9ec9-4bf2-a0a7-e285d171b5d6,defy.mobile,premium,330,330,high,low,4,dynadot,,,29/09/2026 20:41
49dde2c7-139e-429d-b87f-3484159064bc,restrain.mobile,premium,780,780,medium,low,8,namecheap,,,30/09/2026 03:00
6968eb6b-5aec-4ba3-88e5-f43ce55967b4,retinal.mobile,available,22.98,26.98,high,low,7,namecheap,,,09/09/2026 15:37
19797789-abc9-4430-9c32-665ab9935255,sterilization.mobile,premium,780,780,high,low,13,namecheap,,,16/09/2026 21:54
207e5da4-9986-45df-b215-fd19968b764d,picky.mobile,premium,375,375,high,low,5,name.com,,,18/08/2026 05:00
ed44a2c8-738b-493a-99cc-2c1df8831a02,rock.mobile,premium,1035.2,1035.2,high,low,4,spaceship,,,28/09/2026 00:59
91398a28-7acf-4fe1-a480-06df89b88d5f,falsely.mobile,available,22.98,26.98,medium,low,7,namecheap,,,14/09/2026 17:35
02d6619b-2d25-4d91-b819-ae561647f7e2,visualized.mobile,available,22.98,26.98,high,low,10,namecheap,,,24/09/2026 14:20
f7210e50-7dd0-481f-8370-68b117fff4f9,refractory.mobile,available,22.98,26.98,medium,low,10,namecheap,,,18/08/2026 13:55
74905a6f-aaa4-4d4b-85fa-f683f1d4bb16,pune.mobile,premium,330,330,medium,low,4,dynadot,,,30/09/2026 12:49
26f65c09-21a5-4f4e-8cb7-a6b989d421e4,critical.mobile,premium,780,780,high,low,8,namecheap,,,24/09/2026 02:02
d7f76793-9be5-46fb-a7c2-f1af9c38d24e,reanimated.mobile,available,22.98,26.98,medium,low,10,namecheap,,,09/09/2026 10:58
162fde21-975c-4086-91e4-e3a573eb395e,angelo.mobile,available,22.98,26.98,high,low,6,namecheap,,,25/09/2026 16:57
6314a2fa-7e48-460e-856b-751c09e75bed,villiers.mobile,available,16.27,16.27,medium,low,8,dynadot,,,29/09/2026 09:13
3163f653-d681-4455-8c20-1842dfdd3c0b,mcpherson.mobile,premium,780,780,high,low,9,namecheap,,,17/09/2026 21:28
64ae7346-75ba-44d2-8c03-1ac62276f095,stygian.mobile,available,22.98,26.98,medium,low,7,namecheap,,,
bbae6fdc-1007-4de2-a3f0-38290b46639e,factions.mobile,available,15.73,15.73,medium,low,8,spaceship,,,01/10/2026 00:34
a8a5f934-dcee-4874-9d77-37fcf0f778e7,then.mobile,premium,390,390,high,low,4,namecheap,,,28/09/2026 02:27
af0be62c-ce1c-4b98-b648-0f1886ba4528,memphis.mobile,premium,660,660,high,low,7,dynadot,,,28/09/2026 06:24
abcbed02-0807-41ed-bc09-ec217d6d9b43,physically.mobile,premium,780,780,medium,low,10,namecheap,,,19/09/2026 14:53
6716a028-e31c-4a0a-b53e-1c69193fe62e,maleficent.mobile,available,22.98,26.98,medium,low,10,namecheap,,,24/08/2026 13:58
5b2eecde-0904-468f-91be-73c0d3443e1b,amble.mobile,available,22.98,26.98,medium,low,5,namecheap,,,18/09/2026 16:54
134af58d-87d0-495e-a024-80f9664bdc83,brussels.mobile,premium,780,780,high,low,8,namecheap,,,23/09/2026 04:57
c5bf3d53-c262-47a6-b928-b785ea849e31,skyline.mobile,premium,780,780,high,low,7,namecheap,,,19/09/2026 20:18
7c1216a8-2404-47e0-b13a-a897741a8e7f,equality.mobile,premium,780,780,high,low,8,namecheap,,,28/09/2026 19:07
8d44c21f-0822-44b0-810f-d4901651792c,sandaled.mobile,available,22.98,26.98,high,medium,8,namecheap,,,09/09/2026 21:11
51c0ded2-76ab-4f69-a9bc-0af986873aae,cobbler.mobile,available,15.73,15.73,high,low,7,spaceship,,,02/10/2026 14:40
6aed3d4d-ce7b-46f9-9b29-831e4ae11270,hurried.mobile,premium,750,750,high,low,7,name.com,,,21/08/2026 15:45
8f5a4c1a-3860-475a-ae99-8301ba81cb48,accommodate.mobile,premium,621.2,621.2,high,low,11,spaceship,,,30/09/2026 23:34
b71b145c-5925-402f-931e-0efe315941cb,cain.mobile,available,15.73,15.73,high,low,4,spaceship,,,28/09/2026 09:13
762217be-c101-4ff9-989e-61598dca5543,dickson.mobile,premium,780,780,high,low,7,namecheap,,,25/09/2026 15:42
7d667d4e-a4d9-4019-af22-17e72a102403,fossorial.mobile,available,22.98,26.98,medium,low,9,namecheap,,,18/08/2026 13:21
aeafa46f-0143-426b-a32b-e129ad937f68,auld.mobile,available,22.98,26.98,medium,low,4,namecheap,,,07/08/2026 17:21
98a7626b-65bf-4177-9ebf-4d28a7004b9a,turn.mobile,premium,390,390,high,low,4,namecheap,,,24/09/2026 22:27
451c4bd3-0024-455f-907f-d4074ca7e1f1,wellcome.mobile,premium,621.2,621.2,high,low,8,spaceship,,,30/09/2026 20:34
427de432-e6c0-4f10-92d7-38b3770fad8e,churl.mobile,available,22.98,26.98,medium,low,5,namecheap,,,13/08/2026 05:00
cb1c2869-9c11-4e12-a25e-aabcf1c1c4d3,dryly.mobile,available,22.98,26.98,medium,low,5,namecheap,,,14/09/2026 14:21
99aa0481-9127-47ba-bf31-0647ae6228f2,situated.mobile,premium,780,780,medium,low,8,namecheap,,,25/09/2026 14:16
20a4dc16-8bad-474c-92c3-b247fcbbedd2,position.mobile,premium,780,780,high,low,8,namecheap,,,19/09/2026 04:25
57ff4c0d-5a76-4503-a57d-872230b35712,sylvia.mobile,available,15.73,15.73,high,low,6,spaceship,,,27/09/2026 19:08
62839518-83a6-47d4-82f8-cd7ea236fe71,operant.mobile,available,22.98,26.98,high,low,7,namecheap,,,04/09/2026 16:22
16c27080-8485-4d81-8f1c-a792db0dafd5,feng.mobile,premium,390,390,high,low,4,namecheap,,,27/09/2026 06:56
16b805c9-d1c7-44d3-986b-a3bfa66126be,phage.mobile,available,22.98,26.98,medium,low,5,namecheap,,,21/09/2026 16:31
0e1c9a8c-c7b0-4357-a802-e13f64a2ef3c,quint.mobile,premium,750,750,medium,low,5,name.com,,,
7f4e0389-8bc5-481e-8e95-9ccba75838c5,hostages.mobile,available,15.96,15.96,medium,low,8,porkbun,,,27/09/2026 11:30
fbec6bf4-7771-42d5-9696-5860081636b7,semen.mobile,premium,780,780,medium,low,5,namecheap,,,29/09/2026 18:24
38fa9190-bc53-4fa8-b7c4-e15020660921,livelihood.mobile,premium,621.2,621.2,high,low,10,spaceship,,,29/09/2026 00:16
33c90872-08c9-498f-a99c-f7a015c6e558,verdict.mobile,premium,390,390,high,low,7,namecheap,,,27/09/2026 03:56
730e3e79-01e0-47ad-b447-eaf8bc2d67c8,interpretive.mobile,available,15.73,15.73,medium,low,12,spaceship,,,03/10/2026 03:31
8e8b68e2-7935-4a9a-bb8c-bd33d3f98955,nympho.mobile,premium,2600,2600,medium,low,6,namecheap,,,03/09/2026 23:18
cd421b24-d370-4278-932c-26e8876a7b9c,angelus.mobile,available,22.98,26.98,high,low,7,namecheap,,,19/09/2026 06:03
bd5c2339-1eb1-4e7c-8570-da2b38fa95e1,soggy.mobile,premium,750,750,high,low,5,name.com,,,10/08/2026 17:14
4856c8a8-77ac-4b0c-8580-9bd47cd10856,mogul.mobile,premium,390,390,high,low,5,namecheap,,,23/09/2026 14:17
7aff417b-3592-4690-8502-6a92c86f49c2,raw.mobile,premium,2500,2500,high,low,3,name.com,,,08/08/2026 18:20
3e1a1d9a-6d6c-45fd-bc35-46c54c68b861,awhile.mobile,available,15.96,15.96,medium,low,6,porkbun,,,28/09/2026 13:12
ce93bc97-7da8-44ec-a9e4-7644368b09dd,blackbuck.mobile,premium,780,780,medium,low,9,namecheap,,,19/09/2026 14:39
a043fa3e-f33d-4102-8deb-7141721db719,organisms.mobile,available,15.73,15.73,medium,low,9,spaceship,,,30/09/2026 23:35
a762c46c-4ea3-4207-a4df-ccbb0c6bc3ff,gorilla.mobile,premium,390,390,high,low,7,namecheap,,,28/09/2026 14:20
c7fdc00e-9c61-4321-bda8-2e25aaeba3a5,jiangxi.mobile,available,22.98,26.98,medium,low,7,namecheap,,,01/10/2026 09:43
f2c97526-5062-4dca-9075-1623cb1c56ef,locate.mobile,premium,750,750,high,low,6,name.com,,,27/09/2026 05:21
e46fd17a-98ed-4851-af86-dc5ad2db6061,tetchy.mobile,available,22.98,26.98,medium,low,6,namecheap,,,22/08/2026 10:31
349dc86e-518f-45eb-b64d-2540129c5287,conifer.mobile,available,16.27,16.27,high,low,7,dynadot,,,01/10/2026 01:33
ab4c18b8-3d3f-44dc-889d-cc8843aefeea,nescience.mobile,premium,780,780,medium,low,9,namecheap,,,12/09/2026 14:26
77e0ac97-9ca4-45a1-a614-9aa25e0fe6a9,shrinking.mobile,available,15.96,15.96,medium,low,9,porkbun,,,29/09/2026 13:58
b88f512b-c398-4d0d-8266-758d083c8474,covering.mobile,premium,621.2,621.2,high,low,8,spaceship,,,29/09/2026 11:54
22037ae7-3b5d-480f-a7aa-f94b449aefd4,brazos.mobile,available,15.73,15.73,medium,low,6,spaceship,,,29/09/2026 18:04
004fa002-fd2b-40c7-b33b-0ff6598d2a6b,gerard.mobile,available,22.98,26.98,medium,low,6,namecheap,,,25/09/2026 13:17
3f6c2891-64a2-485d-afe2-b3c351f179d8,ammeter.mobile,available,22.98,26.98,medium,low,7,namecheap,,,18/09/2026 22:00
9d3d0ada-4564-4b6a-b049-5ba4068674f9,sunburn.mobile,available,22.98,26.98,high,low,7,namecheap,,,11/09/2026 07:53
6a03ce7b-468b-483b-92d2-634c16f468d1,guerrero.mobile,available,15.96,15.96,high,low,8,porkbun,,,28/09/2026 04:07
3628c2aa-42c1-4069-b5ba-0e33d03bf255,rfc.mobile,premium,390,390,high,low,3,namecheap,,,27/09/2026 06:31
1275c2b2-81a8-467d-ab51-d228e8e504be,brunet.mobile,premium,375,375,high,high,6,name.com,,,11/08/2026 06:54
7a2b9ba1-5163-4a3b-86ba-24f7f2bb73bb,blooms.mobile,available,16.27,16.27,medium,low,6,dynadot,,,02/10/2026 03:32
ab98c494-ad84-4801-b29e-3519d7457d7b,bise.mobile,available,22.98,26.98,medium,low,4,namecheap,,,23/09/2026 21:37
7224147a-d925-42e9-9ccd-c60af066244a,driver.mobile,premium,310.7,310.7,high,low,6,spaceship,,,29/09/2026 14:35
0ba6aac7-05ce-4ce4-9bdf-849e0f283a6d,aubergine.mobile,premium,780,780,high,low,9,namecheap,,,21/09/2026 02:33
5053cc91-082a-4165-8d5e-4bae874a0487,abstractly.mobile,available,22.98,26.98,medium,low,10,namecheap,,,13/09/2026 16:42
8449a31f-1409-4cf0-bbff-402463a3ad61,abs.mobile,premium,390,390,high,low,3,namecheap,,,16/09/2026 17:29
b308a112-1d1a-49aa-b3f7-8eb891296ed6,sectorial.mobile,available,22.98,26.98,medium,low,9,namecheap,,,10/09/2026 01:22
609f155f-26d2-41f3-98b7-02c4cef9e524,coup.mobile,premium,310.7,310.7,high,low,4,spaceship,,,29/09/2026 18:30
ee3ecee6-3df3-4ade-884b-92b2763617c2,greensburg.mobile,available,16.27,16.27,medium,low,10,dynadot,,,01/10/2026 12:09
ea195b2b-5cdf-4231-8654-9561e5359a00,generations.mobile,premium,390,390,medium,low,11,namecheap,,,17/09/2026 19:20
0515d93f-a123-4514-918e-7c892a61b764,recount.mobile,available,15.73,15.73,high,low,7,spaceship,,,30/09/2026 18:26
d19084e3-a6ed-4a93-b163-cfbadc4d1597,faster.mobile,premium,390,390,high,low,6,namecheap,,,14/09/2026 17:46
2eda8481-4158-45fe-9687-4faa3ad2fe58,probative.mobile,available,22.98,26.98,medium,low,9,namecheap,,,09/09/2026 02:27
8ede7782-646c-48f3-b481-e5f9bb7b1a22,guest.mobile,premium,310.7,310.7,high,low,5,spaceship,,,29/09/2026 17:42
33474872-1fcd-460e-a7dc-29da83c78d5e,heir.mobile,premium,310.7,310.7,high,low,4,spaceship,,,28/09/2026 14:24
fd51f646-17af-4c4a-b285-9a5605406948,admissible.mobile,available,22.98,26.98,high,low,10,namecheap,,,
58db30e3-7fe7-44d8-a5e4-cf4cffe1afb6,euphonious.mobile,available,22.98,26.98,medium,low,10,namecheap,,,17/08/2026 14:17
4a619824-51e3-4fc1-b81c-11b48e5de2ba,soph.mobile,available,22.98,26.98,medium,low,4,namecheap,,,10/09/2026 14:20
1775597a-d576-440e-8e79-594c92e59de8,hume.mobile,available,22.98,26.98,high,low,4,namecheap,,,25/09/2026 04:46